timestamp,building_id,sensor_type,value
2026-09-09 20:00:00,Block A (Admin),electricity_kwh,50.27
2026-09-09 20:00:00,Block B (Library),electricity_kwh,51.76
2026-09-09 20:00:00,Block C (Engineering),electricity_kwh,56.19
2026-09-09 20:00:00,Hostel Zone,electricity_kwh,54.24
2026-09-09 21:00:00,Block A (Admin),electricity_kwh,44.37
2026-09-09 21:00:00,Block B (Library),electricity_kwh,48.22
2026-09-09 21:00:00,Block C (Engineering),electricity_kwh,52.28
2026-09-09 21:00:00,Hostel Zone,electricity_kwh,46.33
2026-09-09 22:00:00,Block A (Admin),electricity_kwh,42.65
2026-09-09 22:00:00,Block B (Library),electricity_kwh,46.86
2026-09-09 22:00:00,Block C (Engineering),electricity_kwh,52.4
2026-09-09 22:00:00,Hostel Zone,electricity_kwh,45.15
2026-09-09 23:00:00,Block A (Admin),electricity_kwh,54.6
2026-09-09 23:00:00,Block B (Library),electricity_kwh,40.19
2026-09-09 23:00:00,Block C (Engineering),electricity_kwh,51.37
2026-09-09 23:00:00,Hostel Zone,electricity_kwh,46.04
2026-09-10 00:00:00,Block A (Admin),electricity_kwh,46.1
2026-09-10 00:00:00,Block B (Library),electricity_kwh,52.84
2026-09-10 00:00:00,Block C (Engineering),electricity_kwh,56.9
2026-09-10 00:00:00,Hostel Zone,electricity_kwh,59.58
2026-09-10 01:00:00,Block A (Admin),electricity_kwh,54.68
2026-09-10 01:00:00,Block B (Library),electricity_kwh,45.7
2026-09-10 01:00:00,Block C (Engineering),electricity_kwh,48.01
2026-09-10 01:00:00,Hostel Zone,electricity_kwh,50.4
2026-09-10 02:00:00,Block A (Admin),electricity_kwh,50.28
2026-09-10 02:00:00,Block B (Library),electricity_kwh,51.43
2026-09-10 02:00:00,Block C (Engineering),electricity_kwh,48.27
2026-09-10 02:00:00,Hostel Zone,electricity_kwh,51.01
2026-09-10 03:00:00,Block A (Admin),electricity_kwh,44.62
2026-09-10 03:00:00,Block B (Library),electricity_kwh,45.4
2026-09-10 03:00:00,Block C (Engineering),electricity_kwh,47.11
2026-09-10 03:00:00,Hostel Zone,electricity_kwh,52.8
2026-09-10 04:00:00,Block A (Admin),electricity_kwh,114.59
2026-09-10 04:00:00,Block B (Library),electricity_kwh,129.77
2026-09-10 04:00:00,Block C (Engineering),electricity_kwh,123.7
2026-09-10 04:00:00,Hostel Zone,electricity_kwh,142.11
2026-09-10 05:00:00,Block A (Admin),electricity_kwh,121.09
2026-09-10 05:00:00,Block B (Library),electricity_kwh,141.45
2026-09-10 05:00:00,Block C (Engineering),electricity_kwh,103.83
2026-09-10 05:00:00,Hostel Zone,electricity_kwh,132.37
2026-09-10 06:00:00,Block A (Admin),electricity_kwh,147.2
2026-09-10 06:00:00,Block B (Library),electricity_kwh,123.02
2026-09-10 06:00:00,Block C (Engineering),electricity_kwh,133.12
2026-09-10 06:00:00,Hostel Zone,electricity_kwh,147.07
2026-09-10 07:00:00,Block A (Admin),electricity_kwh,115.65
2026-09-10 07:00:00,Block B (Library),electricity_kwh,103.29
2026-09-10 07:00:00,Block C (Engineering),electricity_kwh,133.55
2026-09-10 07:00:00,Hostel Zone,electricity_kwh,121.59
2026-09-10 08:00:00,Block A (Admin),electricity_kwh,136.11
2026-09-10 08:00:00,Block B (Library),electricity_kwh,129.19
2026-09-10 08:00:00,Block C (Engineering),electricity_kwh,137.94
2026-09-10 08:00:00,Hostel Zone,electricity_kwh,142.96
2026-09-10 09:00:00,Block A (Admin),electricity_kwh,121.57
2026-09-10 09:00:00,Block B (Library),electricity_kwh,140.35
2026-09-10 09:00:00,Block C (Engineering),electricity_kwh,129.03
2026-09-10 09:00:00,Hostel Zone,electricity_kwh,91.75
2026-09-10 10:00:00,Block A (Admin),electricity_kwh,124.07
2026-09-10 10:00:00,Block B (Library),electricity_kwh,128.38
2026-09-10 10:00:00,Block C (Engineering),electricity_kwh,123.96
2026-09-10 10:00:00,Hostel Zone,electricity_kwh,114.57
2026-09-10 11:00:00,Block A (Admin),electricity_kwh,122.34
2026-09-10 11:00:00,Block B (Library),electricity_kwh,163.46
2026-09-10 11:00:00,Block C (Engineering),electricity_kwh,104.08
2026-09-10 11:00:00,Hostel Zone,electricity_kwh,136.91
2026-09-10 12:00:00,Block A (Admin),electricity_kwh,129.45
2026-09-10 12:00:00,Block B (Library),electricity_kwh,118.09
2026-09-10 12:00:00,Block C (Engineering),electricity_kwh,115.34
2026-09-10 12:00:00,Hostel Zone,electricity_kwh,132.53
2026-09-10 13:00:00,Block A (Admin),electricity_kwh,106.95
2026-09-10 13:00:00,Block B (Library),electricity_kwh,124.27
2026-09-10 13:00:00,Block C (Engineering),electricity_kwh,118.76
2026-09-10 13:00:00,Hostel Zone,electricity_kwh,103.69
2026-09-10 14:00:00,Block A (Admin),electricity_kwh,138.2
2026-09-10 14:00:00,Block B (Library),electricity_kwh,128.74
2026-09-10 14:00:00,Block C (Engineering),electricity_kwh,125.54
2026-09-10 14:00:00,Hostel Zone,electricity_kwh,133.39
2026-09-10 15:00:00,Block A (Admin),electricity_kwh,46.41
2026-09-10 15:00:00,Block B (Library),electricity_kwh,53.43
2026-09-10 15:00:00,Block C (Engineering),electricity_kwh,52.73
2026-09-10 15:00:00,Hostel Zone,electricity_kwh,59.54
2026-09-10 16:00:00,Block A (Admin),electricity_kwh,54.53
2026-09-10 16:00:00,Block B (Library),electricity_kwh,51.98
2026-09-10 16:00:00,Block C (Engineering),electricity_kwh,42.67
2026-09-10 16:00:00,Hostel Zone,electricity_kwh,52.19
2026-09-10 17:00:00,Block A (Admin),electricity_kwh,45.45
2026-09-10 17:00:00,Block B (Library),electricity_kwh,53.48
2026-09-10 17:00:00,Block C (Engineering),electricity_kwh,48.72
2026-09-10 17:00:00,Hostel Zone,electricity_kwh,45.33
2026-09-10 18:00:00,Block A (Admin),electricity_kwh,54.88
2026-09-10 18:00:00,Block B (Library),electricity_kwh,44.94
2026-09-10 18:00:00,Block C (Engineering),electricity_kwh,37.9
2026-09-10 18:00:00,Hostel Zone,electricity_kwh,59.65
2026-09-10 19:00:00,Block A (Admin),electricity_kwh,57.51
2026-09-10 19:00:00,Block B (Library),electricity_kwh,42.7
2026-09-10 19:00:00,Block C (Engineering),electricity_kwh,48.07
2026-09-10 19:00:00,Hostel Zone,electricity_kwh,37.68
2026-09-10 20:00:00,Block A (Admin),electricity_kwh,47.6
2026-09-10 20:00:00,Block B (Library),electricity_kwh,44.0
2026-09-10 20:00:00,Block C (Engineering),electricity_kwh,33.16
2026-09-10 20:00:00,Hostel Zone,electricity_kwh,43.65
2026-09-10 21:00:00,Block A (Admin),electricity_kwh,45.44
2026-09-10 21:00:00,Block B (Library),electricity_kwh,48.48
2026-09-10 21:00:00,Block C (Engineering),electricity_kwh,50.27
2026-09-10 21:00:00,Hostel Zone,electricity_kwh,56.58
2026-09-10 22:00:00,Block A (Admin),electricity_kwh,56.66
2026-09-10 22:00:00,Block B (Library),electricity_kwh,53.12
2026-09-10 22:00:00,Block C (Engineering),electricity_kwh,44.74
2026-09-10 22:00:00,Hostel Zone,electricity_kwh,48.83
2026-09-10 23:00:00,Block A (Admin),electricity_kwh,53.41
2026-09-10 23:00:00,Block B (Library),electricity_kwh,51.27
2026-09-10 23:00:00,Block C (Engineering),electricity_kwh,45.94
2026-09-10 23:00:00,Hostel Zone,electricity_kwh,48.66
2026-09-11 00:00:00,Block A (Admin),electricity_kwh,63.97
2026-09-11 00:00:00,Block B (Library),electricity_kwh,48.78
2026-09-11 00:00:00,Block C (Engineering),electricity_kwh,49.55
2026-09-11 00:00:00,Hostel Zone,electricity_kwh,46.06
2026-09-11 01:00:00,Block A (Admin),electricity_kwh,55.13
2026-09-11 01:00:00,Block B (Library),electricity_kwh,46.33
2026-09-11 01:00:00,Block C (Engineering),electricity_kwh,55.8
2026-09-11 01:00:00,Hostel Zone,electricity_kwh,48.0
2026-09-11 02:00:00,Block A (Admin),electricity_kwh,54.32
2026-09-11 02:00:00,Block B (Library),electricity_kwh,52.09
2026-09-11 02:00:00,Block C (Engineering),electricity_kwh,42.03
2026-09-11 02:00:00,Hostel Zone,electricity_kwh,46.4
2026-09-11 03:00:00,Block A (Admin),electricity_kwh,48.12
2026-09-11 03:00:00,Block B (Library),electricity_kwh,51.71
2026-09-11 03:00:00,Block C (Engineering),electricity_kwh,44.92
2026-09-11 03:00:00,Hostel Zone,electricity_kwh,46.5
2026-09-11 04:00:00,Block A (Admin),electricity_kwh,133.93
2026-09-11 04:00:00,Block B (Library),electricity_kwh,129.75
2026-09-11 04:00:00,Block C (Engineering),electricity_kwh,107.7
2026-09-11 04:00:00,Hostel Zone,electricity_kwh,114.28
2026-09-11 05:00:00,Block A (Admin),electricity_kwh,138.99
2026-09-11 05:00:00,Block B (Library),electricity_kwh,148.61
2026-09-11 05:00:00,Block C (Engineering),electricity_kwh,112.96
2026-09-11 05:00:00,Hostel Zone,electricity_kwh,106.66
2026-09-11 06:00:00,Block A (Admin),electricity_kwh,141.13
2026-09-11 06:00:00,Block B (Library),electricity_kwh,107.73
2026-09-11 06:00:00,Block C (Engineering),electricity_kwh,134.17
2026-09-11 06:00:00,Hostel Zone,electricity_kwh,107.44
2026-09-11 07:00:00,Block A (Admin),electricity_kwh,112.42
2026-09-11 07:00:00,Block B (Library),electricity_kwh,132.34
2026-09-11 07:00:00,Block C (Engineering),electricity_kwh,106.64
2026-09-11 07:00:00,Hostel Zone,electricity_kwh,114.5
2026-09-11 08:00:00,Block A (Admin),electricity_kwh,140.35
2026-09-11 08:00:00,Block B (Library),electricity_kwh,124.91
2026-09-11 08:00:00,Block C (Engineering),electricity_kwh,122.65
2026-09-11 08:00:00,Hostel Zone,electricity_kwh,120.33
2026-09-11 09:00:00,Block A (Admin),electricity_kwh,131.09
2026-09-11 09:00:00,Block B (Library),electricity_kwh,116.78
2026-09-11 09:00:00,Block C (Engineering),electricity_kwh,137.88
2026-09-11 09:00:00,Hostel Zone,electricity_kwh,140.03
2026-09-11 10:00:00,Block A (Admin),electricity_kwh,124.01
2026-09-11 10:00:00,Block B (Library),electricity_kwh,121.87
2026-09-11 10:00:00,Block C (Engineering),electricity_kwh,156.68
2026-09-11 10:00:00,Hostel Zone,electricity_kwh,137.56
2026-09-11 11:00:00,Block A (Admin),electricity_kwh,101.56
2026-09-11 11:00:00,Block B (Library),electricity_kwh,143.06
2026-09-11 11:00:00,Block C (Engineering),electricity_kwh,128.08
2026-09-11 11:00:00,Hostel Zone,electricity_kwh,123.95
2026-09-11 12:00:00,Block A (Admin),electricity_kwh,130.03
2026-09-11 12:00:00,Block B (Library),electricity_kwh,122.61
2026-09-11 12:00:00,Block C (Engineering),electricity_kwh,130.76
2026-09-11 12:00:00,Hostel Zone,electricity_kwh,104.48
2026-09-11 13:00:00,Block A (Admin),electricity_kwh,117.46
2026-09-11 13:00:00,Block B (Library),electricity_kwh,114.6
2026-09-11 13:00:00,Block C (Engineering),electricity_kwh,113.58
2026-09-11 13:00:00,Hostel Zone,electricity_kwh,105.37
2026-09-11 14:00:00,Block A (Admin),electricity_kwh,119.88
2026-09-11 14:00:00,Block B (Library),electricity_kwh,119.82
2026-09-11 14:00:00,Block C (Engineering),electricity_kwh,128.02
2026-09-11 14:00:00,Hostel Zone,electricity_kwh,129.36
2026-09-11 15:00:00,Block A (Admin),electricity_kwh,58.78
2026-09-11 15:00:00,Block B (Library),electricity_kwh,49.24
2026-09-11 15:00:00,Block C (Engineering),electricity_kwh,56.84
2026-09-11 15:00:00,Hostel Zone,electricity_kwh,43.82
2026-09-11 16:00:00,Block A (Admin),electricity_kwh,43.95
2026-09-11 16:00:00,Block B (Library),electricity_kwh,40.72
2026-09-11 16:00:00,Block C (Engineering),electricity_kwh,57.39
2026-09-11 16:00:00,Hostel Zone,electricity_kwh,46.5
2026-09-11 17:00:00,Block A (Admin),electricity_kwh,55.74
2026-09-11 17:00:00,Block B (Library),electricity_kwh,38.02
2026-09-11 17:00:00,Block C (Engineering),electricity_kwh,52.65
2026-09-11 17:00:00,Hostel Zone,electricity_kwh,44.26
2026-09-11 18:00:00,Block A (Admin),electricity_kwh,55.21
2026-09-11 18:00:00,Block B (Library),electricity_kwh,46.55
2026-09-11 18:00:00,Block C (Engineering),electricity_kwh,49.91
2026-09-11 18:00:00,Hostel Zone,electricity_kwh,49.35
2026-09-11 19:00:00,Block A (Admin),electricity_kwh,47.09
2026-09-11 19:00:00,Block B (Library),electricity_kwh,45.66
2026-09-11 19:00:00,Block C (Engineering),electricity_kwh,48.19
2026-09-11 19:00:00,Hostel Zone,electricity_kwh,48.3
2026-09-11 20:00:00,Block A (Admin),electricity_kwh,45.46
2026-09-11 20:00:00,Block B (Library),electricity_kwh,39.38
2026-09-11 20:00:00,Block C (Engineering),electricity_kwh,53.26
2026-09-11 20:00:00,Hostel Zone,electricity_kwh,46.32
2026-09-11 21:00:00,Block A (Admin),electricity_kwh,31.55
2026-09-11 21:00:00,Block B (Library),electricity_kwh,45.7
2026-09-11 21:00:00,Block C (Engineering),electricity_kwh,51.52
2026-09-11 21:00:00,Hostel Zone,electricity_kwh,45.87
2026-09-11 22:00:00,Block A (Admin),electricity_kwh,50.26
2026-09-11 22:00:00,Block B (Library),electricity_kwh,41.69
2026-09-11 22:00:00,Block C (Engineering),electricity_kwh,45.17
2026-09-11 22:00:00,Hostel Zone,electricity_kwh,48.59
2026-09-11 23:00:00,Block A (Admin),electricity_kwh,55.25
2026-09-11 23:00:00,Block B (Library),electricity_kwh,45.28
2026-09-11 23:00:00,Block C (Engineering),electricity_kwh,52.79
2026-09-11 23:00:00,Hostel Zone,electricity_kwh,55.3
2026-09-12 00:00:00,Block A (Admin),electricity_kwh,44.66
2026-09-12 00:00:00,Block B (Library),electricity_kwh,55.29
2026-09-12 00:00:00,Block C (Engineering),electricity_kwh,52.55
2026-09-12 00:00:00,Hostel Zone,electricity_kwh,45.29
2026-09-12 01:00:00,Block A (Admin),electricity_kwh,45.35
2026-09-12 01:00:00,Block B (Library),electricity_kwh,48.52
2026-09-12 01:00:00,Block C (Engineering),electricity_kwh,44.54
2026-09-12 01:00:00,Hostel Zone,electricity_kwh,48.79
2026-09-12 02:00:00,Block A (Admin),electricity_kwh,56.37
2026-09-12 02:00:00,Block B (Library),electricity_kwh,57.91
2026-09-12 02:00:00,Block C (Engineering),electricity_kwh,46.87
2026-09-12 02:00:00,Hostel Zone,electricity_kwh,52.45
2026-09-12 03:00:00,Block A (Admin),electricity_kwh,49.28
2026-09-12 03:00:00,Block B (Library),electricity_kwh,48.97
2026-09-12 03:00:00,Block C (Engineering),electricity_kwh,48.94
2026-09-12 03:00:00,Hostel Zone,electricity_kwh,53.14
2026-09-12 04:00:00,Block A (Admin),electricity_kwh,134.78
2026-09-12 04:00:00,Block B (Library),electricity_kwh,125.21
2026-09-12 04:00:00,Block C (Engineering),electricity_kwh,141.55
2026-09-12 04:00:00,Hostel Zone,electricity_kwh,121.79
2026-09-12 05:00:00,Block A (Admin),electricity_kwh,121.38
2026-09-12 05:00:00,Block B (Library),electricity_kwh,124.35
2026-09-12 05:00:00,Block C (Engineering),electricity_kwh,119.66
2026-09-12 05:00:00,Hostel Zone,electricity_kwh,129.91
2026-09-12 06:00:00,Block A (Admin),electricity_kwh,100.44
2026-09-12 06:00:00,Block B (Library),electricity_kwh,114.95
2026-09-12 06:00:00,Block C (Engineering),electricity_kwh,114.88
2026-09-12 06:00:00,Hostel Zone,electricity_kwh,113.75
2026-09-12 07:00:00,Block A (Admin),electricity_kwh,103.7
2026-09-12 07:00:00,Block B (Library),electricity_kwh,124.96
2026-09-12 07:00:00,Block C (Engineering),electricity_kwh,132.44
2026-09-12 07:00:00,Hostel Zone,electricity_kwh,135.17
2026-09-12 08:00:00,Block A (Admin),electricity_kwh,112.1
2026-09-12 08:00:00,Block B (Library),electricity_kwh,125.49
2026-09-12 08:00:00,Block C (Engineering),electricity_kwh,128.79
2026-09-12 08:00:00,Hostel Zone,electricity_kwh,118.84
2026-09-12 09:00:00,Block A (Admin),electricity_kwh,144.13
2026-09-12 09:00:00,Block B (Library),electricity_kwh,129.28
2026-09-12 09:00:00,Block C (Engineering),electricity_kwh,90.42
2026-09-12 09:00:00,Hostel Zone,electricity_kwh,144.96
2026-09-12 10:00:00,Block A (Admin),electricity_kwh,109.76
2026-09-12 10:00:00,Block B (Library),electricity_kwh,110.2
2026-09-12 10:00:00,Block C (Engineering),electricity_kwh,109.15
2026-09-12 10:00:00,Hostel Zone,electricity_kwh,121.87
2026-09-12 11:00:00,Block A (Admin),electricity_kwh,133.86
2026-09-12 11:00:00,Block B (Library),electricity_kwh,122.76
2026-09-12 11:00:00,Block C (Engineering),electricity_kwh,134.89
2026-09-12 11:00:00,Hostel Zone,electricity_kwh,123.96
2026-09-12 12:00:00,Block A (Admin),electricity_kwh,134.88
2026-09-12 12:00:00,Block B (Library),electricity_kwh,129.24
2026-09-12 12:00:00,Block C (Engineering),electricity_kwh,89.44
2026-09-12 12:00:00,Hostel Zone,electricity_kwh,128.56
2026-09-12 13:00:00,Block A (Admin),electricity_kwh,124.54
2026-09-12 13:00:00,Block B (Library),electricity_kwh,115.56
2026-09-12 13:00:00,Block C (Engineering),electricity_kwh,117.17
2026-09-12 13:00:00,Hostel Zone,electricity_kwh,108.5
2026-09-12 14:00:00,Block A (Admin),electricity_kwh,113.22
2026-09-12 14:00:00,Block B (Library),electricity_kwh,112.77
2026-09-12 14:00:00,Block C (Engineering),electricity_kwh,108.97
2026-09-12 14:00:00,Hostel Zone,electricity_kwh,81.14
2026-09-12 15:00:00,Block A (Admin),electricity_kwh,52.82
2026-09-12 15:00:00,Block B (Library),electricity_kwh,63.04
2026-09-12 15:00:00,Block C (Engineering),electricity_kwh,50.26
2026-09-12 15:00:00,Hostel Zone,electricity_kwh,42.71
2026-09-12 16:00:00,Block A (Admin),electricity_kwh,42.99
2026-09-12 16:00:00,Block B (Library),electricity_kwh,46.96
2026-09-12 16:00:00,Block C (Engineering),electricity_kwh,58.84
2026-09-12 16:00:00,Hostel Zone,electricity_kwh,46.06
2026-09-12 17:00:00,Block A (Admin),electricity_kwh,44.34
2026-09-12 17:00:00,Block B (Library),electricity_kwh,39.42
2026-09-12 17:00:00,Block C (Engineering),electricity_kwh,48.45
2026-09-12 17:00:00,Hostel Zone,electricity_kwh,54.58
2026-09-12 18:00:00,Block A (Admin),electricity_kwh,53.07
2026-09-12 18:00:00,Block B (Library),electricity_kwh,50.21
2026-09-12 18:00:00,Block C (Engineering),electricity_kwh,48.15
2026-09-12 18:00:00,Hostel Zone,electricity_kwh,53.47
2026-09-12 19:00:00,Block A (Admin),electricity_kwh,52.2
2026-09-12 19:00:00,Block B (Library),electricity_kwh,51.07
2026-09-12 19:00:00,Block C (Engineering),electricity_kwh,50.85
2026-09-12 19:00:00,Hostel Zone,electricity_kwh,48.18
2026-09-12 20:00:00,Block A (Admin),electricity_kwh,48.49
2026-09-12 20:00:00,Block B (Library),electricity_kwh,48.94
2026-09-12 20:00:00,Block C (Engineering),electricity_kwh,61.01
2026-09-12 20:00:00,Hostel Zone,electricity_kwh,48.51
2026-09-12 21:00:00,Block A (Admin),electricity_kwh,46.99
2026-09-12 21:00:00,Block B (Library),electricity_kwh,51.13
2026-09-12 21:00:00,Block C (Engineering),electricity_kwh,41.39
2026-09-12 21:00:00,Hostel Zone,electricity_kwh,52.36
2026-09-12 22:00:00,Block A (Admin),electricity_kwh,40.98
2026-09-12 22:00:00,Block B (Library),electricity_kwh,55.2
2026-09-12 22:00:00,Block C (Engineering),electricity_kwh,47.23
2026-09-12 22:00:00,Hostel Zone,electricity_kwh,46.29
2026-09-12 23:00:00,Block A (Admin),electricity_kwh,42.74
2026-09-12 23:00:00,Block B (Library),electricity_kwh,37.93
2026-09-12 23:00:00,Block C (Engineering),electricity_kwh,46.33
2026-09-12 23:00:00,Hostel Zone,electricity_kwh,44.29
2026-09-13 00:00:00,Block A (Admin),electricity_kwh,44.54
2026-09-13 00:00:00,Block B (Library),electricity_kwh,51.84
2026-09-13 00:00:00,Block C (Engineering),electricity_kwh,45.16
2026-09-13 00:00:00,Hostel Zone,electricity_kwh,46.89
2026-09-13 01:00:00,Block A (Admin),electricity_kwh,48.11
2026-09-13 01:00:00,Block B (Library),electricity_kwh,47.49
2026-09-13 01:00:00,Block C (Engineering),electricity_kwh,56.35
2026-09-13 01:00:00,Hostel Zone,electricity_kwh,58.22
2026-09-13 02:00:00,Block A (Admin),electricity_kwh,43.33
2026-09-13 02:00:00,Block B (Library),electricity_kwh,48.93
2026-09-13 02:00:00,Block C (Engineering),electricity_kwh,51.52
2026-09-13 02:00:00,Hostel Zone,electricity_kwh,50.58
2026-09-13 03:00:00,Block A (Admin),electricity_kwh,49.39
2026-09-13 03:00:00,Block B (Library),electricity_kwh,42.25
2026-09-13 03:00:00,Block C (Engineering),electricity_kwh,44.28
2026-09-13 03:00:00,Hostel Zone,electricity_kwh,48.9
2026-09-13 04:00:00,Block A (Admin),electricity_kwh,135.27
2026-09-13 04:00:00,Block B (Library),electricity_kwh,145.99
2026-09-13 04:00:00,Block C (Engineering),electricity_kwh,124.93
2026-09-13 04:00:00,Hostel Zone,electricity_kwh,145.39
2026-09-13 05:00:00,Block A (Admin),electricity_kwh,109.79
2026-09-13 05:00:00,Block B (Library),electricity_kwh,135.9
2026-09-13 05:00:00,Block C (Engineering),electricity_kwh,129.37
2026-09-13 05:00:00,Hostel Zone,electricity_kwh,121.29
2026-09-13 06:00:00,Block A (Admin),electricity_kwh,119.34
2026-09-13 06:00:00,Block B (Library),electricity_kwh,111.62
2026-09-13 06:00:00,Block C (Engineering),electricity_kwh,111.82
2026-09-13 06:00:00,Hostel Zone,electricity_kwh,127.76
2026-09-13 07:00:00,Block A (Admin),electricity_kwh,104.34
2026-09-13 07:00:00,Block B (Library),electricity_kwh,156.23
2026-09-13 07:00:00,Block C (Engineering),electricity_kwh,120.26
2026-09-13 07:00:00,Hostel Zone,electricity_kwh,135.76
2026-09-13 08:00:00,Block A (Admin),electricity_kwh,135.67
2026-09-13 08:00:00,Block B (Library),electricity_kwh,118.78
2026-09-13 08:00:00,Block C (Engineering),electricity_kwh,127.16
2026-09-13 08:00:00,Hostel Zone,electricity_kwh,172.08
2026-09-13 09:00:00,Block A (Admin),electricity_kwh,106.72
2026-09-13 09:00:00,Block B (Library),electricity_kwh,151.57
2026-09-13 09:00:00,Block C (Engineering),electricity_kwh,136.66
2026-09-13 09:00:00,Hostel Zone,electricity_kwh,127.26
2026-09-13 10:00:00,Block A (Admin),electricity_kwh,121.86
2026-09-13 10:00:00,Block B (Library),electricity_kwh,105.83
2026-09-13 10:00:00,Block C (Engineering),electricity_kwh,105.15
2026-09-13 10:00:00,Hostel Zone,electricity_kwh,121.42
2026-09-13 11:00:00,Block A (Admin),electricity_kwh,119.72
2026-09-13 11:00:00,Block B (Library),electricity_kwh,126.31
2026-09-13 11:00:00,Block C (Engineering),electricity_kwh,112.87
2026-09-13 11:00:00,Hostel Zone,electricity_kwh,121.35
2026-09-13 12:00:00,Block A (Admin),electricity_kwh,141.15
2026-09-13 12:00:00,Block B (Library),electricity_kwh,118.05
2026-09-13 12:00:00,Block C (Engineering),electricity_kwh,107.95
2026-09-13 12:00:00,Hostel Zone,electricity_kwh,137.93
2026-09-13 13:00:00,Block A (Admin),electricity_kwh,120.86
2026-09-13 13:00:00,Block B (Library),electricity_kwh,134.56
2026-09-13 13:00:00,Block C (Engineering),electricity_kwh,107.64
2026-09-13 13:00:00,Hostel Zone,electricity_kwh,131.65
2026-09-13 14:00:00,Block A (Admin),electricity_kwh,127.85
2026-09-13 14:00:00,Block B (Library),electricity_kwh,128.79
2026-09-13 14:00:00,Block C (Engineering),electricity_kwh,128.74
2026-09-13 14:00:00,Hostel Zone,electricity_kwh,158.35
2026-09-13 15:00:00,Block A (Admin),electricity_kwh,44.64
2026-09-13 15:00:00,Block B (Library),electricity_kwh,45.03
2026-09-13 15:00:00,Block C (Engineering),electricity_kwh,55.69
2026-09-13 15:00:00,Hostel Zone,electricity_kwh,49.14
2026-09-13 16:00:00,Block A (Admin),electricity_kwh,47.16
2026-09-13 16:00:00,Block B (Library),electricity_kwh,36.7
2026-09-13 16:00:00,Block C (Engineering),electricity_kwh,51.83
2026-09-13 16:00:00,Hostel Zone,electricity_kwh,51.62
2026-09-13 17:00:00,Block A (Admin),electricity_kwh,62.72
2026-09-13 17:00:00,Block B (Library),electricity_kwh,48.74
2026-09-13 17:00:00,Block C (Engineering),electricity_kwh,39.49
2026-09-13 17:00:00,Hostel Zone,electricity_kwh,55.61
2026-09-13 18:00:00,Block A (Admin),electricity_kwh,53.66
2026-09-13 18:00:00,Block B (Library),electricity_kwh,53.41
2026-09-13 18:00:00,Block C (Engineering),electricity_kwh,46.57
2026-09-13 18:00:00,Hostel Zone,electricity_kwh,48.43
2026-09-13 19:00:00,Block A (Admin),electricity_kwh,50.73
2026-09-13 19:00:00,Block B (Library),electricity_kwh,45.27
2026-09-13 19:00:00,Block C (Engineering),electricity_kwh,47.72
2026-09-13 19:00:00,Hostel Zone,electricity_kwh,53.34
2026-09-13 20:00:00,Block A (Admin),electricity_kwh,44.31
2026-09-13 20:00:00,Block B (Library),electricity_kwh,42.09
2026-09-13 20:00:00,Block C (Engineering),electricity_kwh,48.37
2026-09-13 20:00:00,Hostel Zone,electricity_kwh,42.68
2026-09-13 21:00:00,Block A (Admin),electricity_kwh,45.61
2026-09-13 21:00:00,Block B (Library),electricity_kwh,46.84
2026-09-13 21:00:00,Block C (Engineering),electricity_kwh,47.25
2026-09-13 21:00:00,Hostel Zone,electricity_kwh,53.44
2026-09-13 22:00:00,Block A (Admin),electricity_kwh,43.13
2026-09-13 22:00:00,Block B (Library),electricity_kwh,53.68
2026-09-13 22:00:00,Block C (Engineering),electricity_kwh,41.01
2026-09-13 22:00:00,Hostel Zone,electricity_kwh,51.51
2026-09-13 23:00:00,Block A (Admin),electricity_kwh,39.0
2026-09-13 23:00:00,Block B (Library),electricity_kwh,51.2
2026-09-13 23:00:00,Block C (Engineering),electricity_kwh,50.06
2026-09-13 23:00:00,Hostel Zone,electricity_kwh,39.24
2026-09-14 00:00:00,Block A (Admin),electricity_kwh,49.03
2026-09-14 00:00:00,Block B (Library),electricity_kwh,36.74
2026-09-14 00:00:00,Block C (Engineering),electricity_kwh,60.7
2026-09-14 00:00:00,Hostel Zone,electricity_kwh,57.04
2026-09-14 01:00:00,Block A (Admin),electricity_kwh,44.62
2026-09-14 01:00:00,Block B (Library),electricity_kwh,55.95
2026-09-14 01:00:00,Block C (Engineering),electricity_kwh,52.74
2026-09-14 01:00:00,Hostel Zone,electricity_kwh,49.02
2026-09-14 02:00:00,Block A (Admin),electricity_kwh,56.1
2026-09-14 02:00:00,Block B (Library),electricity_kwh,55.19
2026-09-14 02:00:00,Block C (Engineering),electricity_kwh,56.13
2026-09-14 02:00:00,Hostel Zone,electricity_kwh,47.43
2026-09-14 03:00:00,Block A (Admin),electricity_kwh,53.59
2026-09-14 03:00:00,Block B (Library),electricity_kwh,44.95
2026-09-14 03:00:00,Block C (Engineering),electricity_kwh,49.03
2026-09-14 03:00:00,Hostel Zone,electricity_kwh,50.9
2026-09-14 04:00:00,Block A (Admin),electricity_kwh,121.0
2026-09-14 04:00:00,Block B (Library),electricity_kwh,139.35
2026-09-14 04:00:00,Block C (Engineering),electricity_kwh,124.81
2026-09-14 04:00:00,Hostel Zone,electricity_kwh,104.76
2026-09-14 05:00:00,Block A (Admin),electricity_kwh,140.08
2026-09-14 05:00:00,Block B (Library),electricity_kwh,133.25
2026-09-14 05:00:00,Block C (Engineering),electricity_kwh,131.97
2026-09-14 05:00:00,Hostel Zone,electricity_kwh,117.9
2026-09-14 06:00:00,Block A (Admin),electricity_kwh,119.14
2026-09-14 06:00:00,Block B (Library),electricity_kwh,128.43
2026-09-14 06:00:00,Block C (Engineering),electricity_kwh,139.41
2026-09-14 06:00:00,Hostel Zone,electricity_kwh,149.96
2026-09-14 07:00:00,Block A (Admin),electricity_kwh,139.35
2026-09-14 07:00:00,Block B (Library),electricity_kwh,119.52
2026-09-14 07:00:00,Block C (Engineering),electricity_kwh,123.68
2026-09-14 07:00:00,Hostel Zone,electricity_kwh,133.44
2026-09-14 08:00:00,Block A (Admin),electricity_kwh,122.84
2026-09-14 08:00:00,Block B (Library),electricity_kwh,107.71
2026-09-14 08:00:00,Block C (Engineering),electricity_kwh,130.76
2026-09-14 08:00:00,Hostel Zone,electricity_kwh,114.58
2026-09-14 09:00:00,Block A (Admin),electricity_kwh,124.28
2026-09-14 09:00:00,Block B (Library),electricity_kwh,104.59
2026-09-14 09:00:00,Block C (Engineering),electricity_kwh,117.74
2026-09-14 09:00:00,Hostel Zone,electricity_kwh,108.61
2026-09-14 10:00:00,Block A (Admin),electricity_kwh,111.47
2026-09-14 10:00:00,Block B (Library),electricity_kwh,121.23
2026-09-14 10:00:00,Block C (Engineering),electricity_kwh,110.6
2026-09-14 10:00:00,Hostel Zone,electricity_kwh,110.27
2026-09-14 11:00:00,Block A (Admin),electricity_kwh,142.2
2026-09-14 11:00:00,Block B (Library),electricity_kwh,112.97
2026-09-14 11:00:00,Block C (Engineering),electricity_kwh,111.9
2026-09-14 11:00:00,Hostel Zone,electricity_kwh,120.77
2026-09-14 12:00:00,Block A (Admin),electricity_kwh,110.42
2026-09-14 12:00:00,Block B (Library),electricity_kwh,146.18
2026-09-14 12:00:00,Block C (Engineering),electricity_kwh,135.28
2026-09-14 12:00:00,Hostel Zone,electricity_kwh,93.63
2026-09-14 13:00:00,Block A (Admin),electricity_kwh,106.73
2026-09-14 13:00:00,Block B (Library),electricity_kwh,117.18
2026-09-14 13:00:00,Block C (Engineering),electricity_kwh,126.28
2026-09-14 13:00:00,Hostel Zone,electricity_kwh,118.68
2026-09-14 14:00:00,Block A (Admin),electricity_kwh,129.76
2026-09-14 14:00:00,Block B (Library),electricity_kwh,130.41
2026-09-14 14:00:00,Block C (Engineering),electricity_kwh,125.17
2026-09-14 14:00:00,Hostel Zone,electricity_kwh,127.84
2026-09-14 15:00:00,Block A (Admin),electricity_kwh,52.93
2026-09-14 15:00:00,Block B (Library),electricity_kwh,66.38
2026-09-14 15:00:00,Block C (Engineering),electricity_kwh,40.14
2026-09-14 15:00:00,Hostel Zone,electricity_kwh,47.49
2026-09-14 16:00:00,Block A (Admin),electricity_kwh,43.98
2026-09-14 16:00:00,Block B (Library),electricity_kwh,55.77
2026-09-14 16:00:00,Block C (Engineering),electricity_kwh,46.17
2026-09-14 16:00:00,Hostel Zone,electricity_kwh,46.83
2026-09-14 17:00:00,Block A (Admin),electricity_kwh,53.15
2026-09-14 17:00:00,Block B (Library),electricity_kwh,45.38
2026-09-14 17:00:00,Block C (Engineering),electricity_kwh,55.88
2026-09-14 17:00:00,Hostel Zone,electricity_kwh,43.53
2026-09-14 18:00:00,Block A (Admin),electricity_kwh,48.76
2026-09-14 18:00:00,Block B (Library),electricity_kwh,37.32
2026-09-14 18:00:00,Block C (Engineering),electricity_kwh,55.72
2026-09-14 18:00:00,Hostel Zone,electricity_kwh,53.78
2026-09-14 19:00:00,Block A (Admin),electricity_kwh,56.49
2026-09-14 19:00:00,Block B (Library),electricity_kwh,56.81
2026-09-14 19:00:00,Block C (Engineering),electricity_kwh,55.14
2026-09-14 19:00:00,Hostel Zone,electricity_kwh,47.6
2026-09-14 20:00:00,Block A (Admin),electricity_kwh,55.7
2026-09-14 20:00:00,Block B (Library),electricity_kwh,57.44
2026-09-14 20:00:00,Block C (Engineering),electricity_kwh,36.48
2026-09-14 20:00:00,Hostel Zone,electricity_kwh,46.08
2026-09-14 21:00:00,Block A (Admin),electricity_kwh,60.93
2026-09-14 21:00:00,Block B (Library),electricity_kwh,51.24
2026-09-14 21:00:00,Block C (Engineering),electricity_kwh,49.12
2026-09-14 21:00:00,Hostel Zone,electricity_kwh,42.85
2026-09-14 22:00:00,Block A (Admin),electricity_kwh,47.26
2026-09-14 22:00:00,Block B (Library),electricity_kwh,48.96
2026-09-14 22:00:00,Block C (Engineering),electricity_kwh,52.99
2026-09-14 22:00:00,Hostel Zone,electricity_kwh,57.04
2026-09-14 23:00:00,Block A (Admin),electricity_kwh,52.1
2026-09-14 23:00:00,Block B (Library),electricity_kwh,49.66
2026-09-14 23:00:00,Block C (Engineering),electricity_kwh,52.84
2026-09-14 23:00:00,Hostel Zone,electricity_kwh,58.06
2026-09-15 00:00:00,Block A (Admin),electricity_kwh,50.39
2026-09-15 00:00:00,Block B (Library),electricity_kwh,52.83
2026-09-15 00:00:00,Block C (Engineering),electricity_kwh,59.95
2026-09-15 00:00:00,Hostel Zone,electricity_kwh,45.96
2026-09-15 01:00:00,Block A (Admin),electricity_kwh,51.97
2026-09-15 01:00:00,Block B (Library),electricity_kwh,48.51
2026-09-15 01:00:00,Block C (Engineering),electricity_kwh,52.33
2026-09-15 01:00:00,Hostel Zone,electricity_kwh,49.49
2026-09-15 02:00:00,Block A (Admin),electricity_kwh,41.48
2026-09-15 02:00:00,Block B (Library),electricity_kwh,56.23
2026-09-15 02:00:00,Block C (Engineering),electricity_kwh,49.74
2026-09-15 02:00:00,Hostel Zone,electricity_kwh,43.61
2026-09-15 03:00:00,Block A (Admin),electricity_kwh,56.89
2026-09-15 03:00:00,Block B (Library),electricity_kwh,47.59
2026-09-15 03:00:00,Block C (Engineering),electricity_kwh,55.29
2026-09-15 03:00:00,Hostel Zone,electricity_kwh,49.0
2026-09-15 04:00:00,Block A (Admin),electricity_kwh,133.68
2026-09-15 04:00:00,Block B (Library),electricity_kwh,139.01
2026-09-15 04:00:00,Block C (Engineering),electricity_kwh,111.1
2026-09-15 04:00:00,Hostel Zone,electricity_kwh,121.94
2026-09-15 05:00:00,Block A (Admin),electricity_kwh,123.12
2026-09-15 05:00:00,Block B (Library),electricity_kwh,124.0
2026-09-15 05:00:00,Block C (Engineering),electricity_kwh,124.07
2026-09-15 05:00:00,Hostel Zone,electricity_kwh,139.51
2026-09-15 06:00:00,Block A (Admin),electricity_kwh,127.24
2026-09-15 06:00:00,Block B (Library),electricity_kwh,130.3
2026-09-15 06:00:00,Block C (Engineering),electricity_kwh,128.52
2026-09-15 06:00:00,Hostel Zone,electricity_kwh,140.94
2026-09-15 07:00:00,Block A (Admin),electricity_kwh,110.89
2026-09-15 07:00:00,Block B (Library),electricity_kwh,122.2
2026-09-15 07:00:00,Block C (Engineering),electricity_kwh,120.6
2026-09-15 07:00:00,Hostel Zone,electricity_kwh,136.98
2026-09-15 08:00:00,Block A (Admin),electricity_kwh,121.06
2026-09-15 08:00:00,Block B (Library),electricity_kwh,130.05
2026-09-15 08:00:00,Block C (Engineering),electricity_kwh,134.16
2026-09-15 08:00:00,Hostel Zone,electricity_kwh,134.55
2026-09-15 09:00:00,Block A (Admin),electricity_kwh,124.42
2026-09-15 09:00:00,Block B (Library),electricity_kwh,113.56
2026-09-15 09:00:00,Block C (Engineering),electricity_kwh,117.85
2026-09-15 09:00:00,Hostel Zone,electricity_kwh,129.94
2026-09-15 10:00:00,Block A (Admin),electricity_kwh,123.68
2026-09-15 10:00:00,Block B (Library),electricity_kwh,124.59
2026-09-15 10:00:00,Block C (Engineering),electricity_kwh,128.52
2026-09-15 10:00:00,Hostel Zone,electricity_kwh,136.74
2026-09-15 11:00:00,Block A (Admin),electricity_kwh,126.34
2026-09-15 11:00:00,Block B (Library),electricity_kwh,133.29
2026-09-15 11:00:00,Block C (Engineering),electricity_kwh,107.49
2026-09-15 11:00:00,Hostel Zone,electricity_kwh,120.44
2026-09-15 12:00:00,Block A (Admin),electricity_kwh,120.43
2026-09-15 12:00:00,Block B (Library),electricity_kwh,122.4
2026-09-15 12:00:00,Block C (Engineering),electricity_kwh,123.35
2026-09-15 12:00:00,Hostel Zone,electricity_kwh,125.38
2026-09-15 13:00:00,Block A (Admin),electricity_kwh,103.93
2026-09-15 13:00:00,Block B (Library),electricity_kwh,120.93
2026-09-15 13:00:00,Block C (Engineering),electricity_kwh,129.54
2026-09-15 13:00:00,Hostel Zone,electricity_kwh,142.5
2026-09-15 14:00:00,Block A (Admin),electricity_kwh,126.24
2026-09-15 14:00:00,Block B (Library),electricity_kwh,132.46
2026-09-15 14:00:00,Block C (Engineering),electricity_kwh,109.89
2026-09-15 14:00:00,Hostel Zone,electricity_kwh,141.14
2026-09-15 15:00:00,Block A (Admin),electricity_kwh,55.18
2026-09-15 15:00:00,Block B (Library),electricity_kwh,44.51
2026-09-15 15:00:00,Block C (Engineering),electricity_kwh,54.3
2026-09-15 15:00:00,Hostel Zone,electricity_kwh,44.28
2026-09-15 16:00:00,Block A (Admin),electricity_kwh,51.28
2026-09-15 16:00:00,Block B (Library),electricity_kwh,43.32
2026-09-15 16:00:00,Block C (Engineering),electricity_kwh,51.72
2026-09-15 16:00:00,Hostel Zone,electricity_kwh,50.51
2026-09-15 17:00:00,Block A (Admin),electricity_kwh,57.78
2026-09-15 17:00:00,Block B (Library),electricity_kwh,53.09
2026-09-15 17:00:00,Block C (Engineering),electricity_kwh,44.44
2026-09-15 17:00:00,Hostel Zone,electricity_kwh,48.88
2026-09-15 18:00:00,Block A (Admin),electricity_kwh,57.21
2026-09-15 18:00:00,Block B (Library),electricity_kwh,58.05
2026-09-15 18:00:00,Block C (Engineering),electricity_kwh,52.18
2026-09-15 18:00:00,Hostel Zone,electricity_kwh,56.39
2026-09-15 19:00:00,Block A (Admin),electricity_kwh,48.91
2026-09-15 19:00:00,Block B (Library),electricity_kwh,38.41
2026-09-15 19:00:00,Block C (Engineering),electricity_kwh,51.66
2026-09-15 19:00:00,Hostel Zone,electricity_kwh,53.34
2026-09-15 20:00:00,Block A (Admin),electricity_kwh,49.31
2026-09-15 20:00:00,Block B (Library),electricity_kwh,47.83
2026-09-15 20:00:00,Block C (Engineering),electricity_kwh,56.82
2026-09-15 20:00:00,Hostel Zone,electricity_kwh,52.57
2026-09-15 21:00:00,Block A (Admin),electricity_kwh,54.55
2026-09-15 21:00:00,Block B (Library),electricity_kwh,48.6
2026-09-15 21:00:00,Block C (Engineering),electricity_kwh,53.26
2026-09-15 21:00:00,Hostel Zone,electricity_kwh,48.1
2026-09-15 22:00:00,Block A (Admin),electricity_kwh,53.22
2026-09-15 22:00:00,Block B (Library),electricity_kwh,52.25
2026-09-15 22:00:00,Block C (Engineering),electricity_kwh,44.77
2026-09-15 22:00:00,Hostel Zone,electricity_kwh,43.55
2026-09-15 23:00:00,Block A (Admin),electricity_kwh,47.74
2026-09-15 23:00:00,Block B (Library),electricity_kwh,43.5
2026-09-15 23:00:00,Block C (Engineering),electricity_kwh,52.37
2026-09-15 23:00:00,Hostel Zone,electricity_kwh,47.49
2026-09-16 00:00:00,Block A (Admin),electricity_kwh,55.66
2026-09-16 00:00:00,Block B (Library),electricity_kwh,54.79
2026-09-16 00:00:00,Block C (Engineering),electricity_kwh,51.63
2026-09-16 00:00:00,Hostel Zone,electricity_kwh,46.94
2026-09-16 01:00:00,Block A (Admin),electricity_kwh,46.64
2026-09-16 01:00:00,Block B (Library),electricity_kwh,47.79
2026-09-16 01:00:00,Block C (Engineering),electricity_kwh,51.64
2026-09-16 01:00:00,Hostel Zone,electricity_kwh,52.51
2026-09-16 02:00:00,Block A (Admin),electricity_kwh,57.76
2026-09-16 02:00:00,Block B (Library),electricity_kwh,49.44
2026-09-16 02:00:00,Block C (Engineering),electricity_kwh,37.41
2026-09-16 02:00:00,Hostel Zone,electricity_kwh,49.59
2026-09-16 03:00:00,Block A (Admin),electricity_kwh,57.15
2026-09-16 03:00:00,Block B (Library),electricity_kwh,44.81
2026-09-16 03:00:00,Block C (Engineering),electricity_kwh,51.79
2026-09-16 03:00:00,Hostel Zone,electricity_kwh,47.08
2026-09-16 04:00:00,Block A (Admin),electricity_kwh,117.58
2026-09-16 04:00:00,Block B (Library),electricity_kwh,119.91
2026-09-16 04:00:00,Block C (Engineering),electricity_kwh,115.83
2026-09-16 04:00:00,Hostel Zone,electricity_kwh,106.06
2026-09-16 05:00:00,Block A (Admin),electricity_kwh,131.66
2026-09-16 05:00:00,Block B (Library),electricity_kwh,122.17
2026-09-16 05:00:00,Block C (Engineering),electricity_kwh,119.53
2026-09-16 05:00:00,Hostel Zone,electricity_kwh,111.45
2026-09-16 06:00:00,Block A (Admin),electricity_kwh,126.56
2026-09-16 06:00:00,Block B (Library),electricity_kwh,139.69
2026-09-16 06:00:00,Block C (Engineering),electricity_kwh,142.72
2026-09-16 06:00:00,Hostel Zone,electricity_kwh,131.64
2026-09-16 07:00:00,Block A (Admin),electricity_kwh,127.04
2026-09-16 07:00:00,Block B (Library),electricity_kwh,130.25
2026-09-16 07:00:00,Block C (Engineering),electricity_kwh,123.02
2026-09-16 07:00:00,Hostel Zone,electricity_kwh,141.73
2026-09-16 08:00:00,Block A (Admin),electricity_kwh,110.46
2026-09-16 08:00:00,Block B (Library),electricity_kwh,128.85
2026-09-16 08:00:00,Block C (Engineering),electricity_kwh,141.56
2026-09-16 08:00:00,Hostel Zone,electricity_kwh,109.16
2026-09-16 09:00:00,Block A (Admin),electricity_kwh,112.35
2026-09-16 09:00:00,Block B (Library),electricity_kwh,117.01
2026-09-16 09:00:00,Block C (Engineering),electricity_kwh,107.62
2026-09-16 09:00:00,Hostel Zone,electricity_kwh,126.19
2026-09-16 10:00:00,Block A (Admin),electricity_kwh,118.97
2026-09-16 10:00:00,Block B (Library),electricity_kwh,122.43
2026-09-16 10:00:00,Block C (Engineering),electricity_kwh,144.4
2026-09-16 10:00:00,Hostel Zone,electricity_kwh,134.27
2026-09-16 11:00:00,Block A (Admin),electricity_kwh,158.56
2026-09-16 11:00:00,Block B (Library),electricity_kwh,116.58
2026-09-16 11:00:00,Block C (Engineering),electricity_kwh,136.24
2026-09-16 11:00:00,Hostel Zone,electricity_kwh,110.95
2026-09-16 12:00:00,Block A (Admin),electricity_kwh,120.31
2026-09-16 12:00:00,Block B (Library),electricity_kwh,123.53
2026-09-16 12:00:00,Block C (Engineering),electricity_kwh,125.71
2026-09-16 12:00:00,Hostel Zone,electricity_kwh,129.29
2026-09-16 13:00:00,Block A (Admin),electricity_kwh,115.43
2026-09-16 13:00:00,Block B (Library),electricity_kwh,141.08
2026-09-16 13:00:00,Block C (Engineering),electricity_kwh,117.87
2026-09-16 13:00:00,Hostel Zone,electricity_kwh,141.47
2026-09-16 14:00:00,Block A (Admin),electricity_kwh,125.12
2026-09-16 14:00:00,Block B (Library),electricity_kwh,127.59
2026-09-16 14:00:00,Block C (Engineering),electricity_kwh,115.72
2026-09-16 14:00:00,Hostel Zone,electricity_kwh,138.98
2026-09-16 15:00:00,Block A (Admin),electricity_kwh,47.7
2026-09-16 15:00:00,Block B (Library),electricity_kwh,51.78
2026-09-16 15:00:00,Block C (Engineering),electricity_kwh,49.81
2026-09-16 15:00:00,Hostel Zone,electricity_kwh,50.05
2026-09-16 16:00:00,Block A (Admin),electricity_kwh,57.81
2026-09-16 16:00:00,Block B (Library),electricity_kwh,51.76
2026-09-16 16:00:00,Block C (Engineering),electricity_kwh,53.5
2026-09-16 16:00:00,Hostel Zone,electricity_kwh,47.03
2026-09-16 17:00:00,Block A (Admin),electricity_kwh,59.64
2026-09-16 17:00:00,Block B (Library),electricity_kwh,48.17
2026-09-16 17:00:00,Block C (Engineering),electricity_kwh,49.07
2026-09-16 17:00:00,Hostel Zone,electricity_kwh,51.82
2026-09-16 18:00:00,Block A (Admin),electricity_kwh,52.98
2026-09-16 18:00:00,Block B (Library),electricity_kwh,46.03
2026-09-16 18:00:00,Block C (Engineering),electricity_kwh,47.27
2026-09-16 18:00:00,Hostel Zone,electricity_kwh,54.45
2026-09-16 19:00:00,Block A (Admin),electricity_kwh,48.06
2026-09-16 19:00:00,Block B (Library),electricity_kwh,51.07
2026-09-16 19:00:00,Block C (Engineering),electricity_kwh,49.52
2026-09-16 19:00:00,Hostel Zone,electricity_kwh,52.27
2026-09-16 20:00:00,Block A (Admin),electricity_kwh,49.94
2026-09-16 20:00:00,Block B (Library),electricity_kwh,52.96
2026-09-16 20:00:00,Block C (Engineering),electricity_kwh,47.02
2026-09-16 20:00:00,Hostel Zone,electricity_kwh,48.26
2026-09-16 21:00:00,Block A (Admin),electricity_kwh,54.79
2026-09-16 21:00:00,Block B (Library),electricity_kwh,44.43
2026-09-16 21:00:00,Block C (Engineering),electricity_kwh,47.66
2026-09-16 21:00:00,Hostel Zone,electricity_kwh,48.75
2026-09-16 22:00:00,Block A (Admin),electricity_kwh,51.11
2026-09-16 22:00:00,Block B (Library),electricity_kwh,49.37
2026-09-16 22:00:00,Block C (Engineering),electricity_kwh,45.91
2026-09-16 22:00:00,Hostel Zone,electricity_kwh,46.78
2026-09-16 23:00:00,Block A (Admin),electricity_kwh,44.33
2026-09-16 23:00:00,Block B (Library),electricity_kwh,55.12
2026-09-16 23:00:00,Block C (Engineering),electricity_kwh,53.86
2026-09-16 23:00:00,Hostel Zone,electricity_kwh,56.75
2026-09-17 00:00:00,Block A (Admin),electricity_kwh,45.33
2026-09-17 00:00:00,Block B (Library),electricity_kwh,53.36
2026-09-17 00:00:00,Block C (Engineering),electricity_kwh,56.64
2026-09-17 00:00:00,Hostel Zone,electricity_kwh,49.34
2026-09-17 01:00:00,Block A (Admin),electricity_kwh,56.68
2026-09-17 01:00:00,Block B (Library),electricity_kwh,45.96
2026-09-17 01:00:00,Block C (Engineering),electricity_kwh,44.98
2026-09-17 01:00:00,Hostel Zone,electricity_kwh,50.89
2026-09-17 02:00:00,Block A (Admin),electricity_kwh,53.13
2026-09-17 02:00:00,Block B (Library),electricity_kwh,44.69
2026-09-17 02:00:00,Block C (Engineering),electricity_kwh,48.09
2026-09-17 02:00:00,Hostel Zone,electricity_kwh,54.32
2026-09-17 03:00:00,Block A (Admin),electricity_kwh,58.67
2026-09-17 03:00:00,Block B (Library),electricity_kwh,47.0
2026-09-17 03:00:00,Block C (Engineering),electricity_kwh,49.22
2026-09-17 03:00:00,Hostel Zone,electricity_kwh,52.09
2026-09-17 04:00:00,Block A (Admin),electricity_kwh,122.28
2026-09-17 04:00:00,Block B (Library),electricity_kwh,129.41
2026-09-17 04:00:00,Block C (Engineering),electricity_kwh,123.2
2026-09-17 04:00:00,Hostel Zone,electricity_kwh,146.87
2026-09-17 05:00:00,Block A (Admin),electricity_kwh,107.5
2026-09-17 05:00:00,Block B (Library),electricity_kwh,128.84
2026-09-17 05:00:00,Block C (Engineering),electricity_kwh,136.48
2026-09-17 05:00:00,Hostel Zone,electricity_kwh,137.27
2026-09-17 06:00:00,Block A (Admin),electricity_kwh,139.37
2026-09-17 06:00:00,Block B (Library),electricity_kwh,148.89
2026-09-17 06:00:00,Block C (Engineering),electricity_kwh,126.17
2026-09-17 06:00:00,Hostel Zone,electricity_kwh,129.44
2026-09-17 07:00:00,Block A (Admin),electricity_kwh,120.59
2026-09-17 07:00:00,Block B (Library),electricity_kwh,132.31
2026-09-17 07:00:00,Block C (Engineering),electricity_kwh,105.08
2026-09-17 07:00:00,Hostel Zone,electricity_kwh,111.8
2026-09-17 08:00:00,Block A (Admin),electricity_kwh,119.01
2026-09-17 08:00:00,Block B (Library),electricity_kwh,112.44
2026-09-17 08:00:00,Block C (Engineering),electricity_kwh,109.26
2026-09-17 08:00:00,Hostel Zone,electricity_kwh,110.88
2026-09-17 09:00:00,Block A (Admin),electricity_kwh,118.85
2026-09-17 09:00:00,Block B (Library),electricity_kwh,137.02
2026-09-17 09:00:00,Block C (Engineering),electricity_kwh,134.04
2026-09-17 09:00:00,Hostel Zone,electricity_kwh,125.79
2026-09-17 10:00:00,Block A (Admin),electricity_kwh,137.64
2026-09-17 10:00:00,Block B (Library),electricity_kwh,142.39
2026-09-17 10:00:00,Block C (Engineering),electricity_kwh,137.58
2026-09-17 10:00:00,Hostel Zone,electricity_kwh,124.39
2026-09-17 11:00:00,Block A (Admin),electricity_kwh,124.71
2026-09-17 11:00:00,Block B (Library),electricity_kwh,141.82
2026-09-17 11:00:00,Block C (Engineering),electricity_kwh,122.19
2026-09-17 11:00:00,Hostel Zone,electricity_kwh,121.73
2026-09-17 12:00:00,Block A (Admin),electricity_kwh,147.78
2026-09-17 12:00:00,Block B (Library),electricity_kwh,155.22
2026-09-17 12:00:00,Block C (Engineering),electricity_kwh,124.22
2026-09-17 12:00:00,Hostel Zone,electricity_kwh,153.07
2026-09-17 13:00:00,Block A (Admin),electricity_kwh,128.48
2026-09-17 13:00:00,Block B (Library),electricity_kwh,123.1
2026-09-17 13:00:00,Block C (Engineering),electricity_kwh,105.97
2026-09-17 13:00:00,Hostel Zone,electricity_kwh,105.97
2026-09-17 14:00:00,Block A (Admin),electricity_kwh,119.99
2026-09-17 14:00:00,Block B (Library),electricity_kwh,135.56
2026-09-17 14:00:00,Block C (Engineering),electricity_kwh,113.93
2026-09-17 14:00:00,Hostel Zone,electricity_kwh,136.83
2026-09-17 15:00:00,Block A (Admin),electricity_kwh,58.33
2026-09-17 15:00:00,Block B (Library),electricity_kwh,49.29
2026-09-17 15:00:00,Block C (Engineering),electricity_kwh,47.44
2026-09-17 15:00:00,Hostel Zone,electricity_kwh,40.8
2026-09-17 16:00:00,Block A (Admin),electricity_kwh,58.76
2026-09-17 16:00:00,Block B (Library),electricity_kwh,48.26
2026-09-17 16:00:00,Block C (Engineering),electricity_kwh,53.23
2026-09-17 16:00:00,Hostel Zone,electricity_kwh,43.09
2026-09-17 17:00:00,Block A (Admin),electricity_kwh,61.52
2026-09-17 17:00:00,Block B (Library),electricity_kwh,48.32
2026-09-17 17:00:00,Block C (Engineering),electricity_kwh,48.65
2026-09-17 17:00:00,Hostel Zone,electricity_kwh,48.61
2026-09-17 18:00:00,Block A (Admin),electricity_kwh,43.04
2026-09-17 18:00:00,Block B (Library),electricity_kwh,47.48
2026-09-17 18:00:00,Block C (Engineering),electricity_kwh,50.11
2026-09-17 18:00:00,Hostel Zone,electricity_kwh,52.92
2026-09-17 19:00:00,Block A (Admin),electricity_kwh,46.82
2026-09-17 19:00:00,Block B (Library),electricity_kwh,46.77
2026-09-17 19:00:00,Block C (Engineering),electricity_kwh,50.7
2026-09-17 19:00:00,Hostel Zone,electricity_kwh,59.17
2026-09-17 20:00:00,Block A (Admin),electricity_kwh,52.12
2026-09-17 20:00:00,Block B (Library),electricity_kwh,44.21
2026-09-17 20:00:00,Block C (Engineering),electricity_kwh,51.1
2026-09-17 20:00:00,Hostel Zone,electricity_kwh,44.27
2026-09-17 21:00:00,Block A (Admin),electricity_kwh,47.53
2026-09-17 21:00:00,Block B (Library),electricity_kwh,47.4
2026-09-17 21:00:00,Block C (Engineering),electricity_kwh,49.49
2026-09-17 21:00:00,Hostel Zone,electricity_kwh,47.33
2026-09-17 22:00:00,Block A (Admin),electricity_kwh,51.68
2026-09-17 22:00:00,Block B (Library),electricity_kwh,38.91
2026-09-17 22:00:00,Block C (Engineering),electricity_kwh,60.06
2026-09-17 22:00:00,Hostel Zone,electricity_kwh,41.29
2026-09-17 23:00:00,Block A (Admin),electricity_kwh,42.17
2026-09-17 23:00:00,Block B (Library),electricity_kwh,47.38
2026-09-17 23:00:00,Block C (Engineering),electricity_kwh,43.67
2026-09-17 23:00:00,Hostel Zone,electricity_kwh,50.79
2026-09-18 00:00:00,Block A (Admin),electricity_kwh,52.49
2026-09-18 00:00:00,Block B (Library),electricity_kwh,48.03
2026-09-18 00:00:00,Block C (Engineering),electricity_kwh,38.45
2026-09-18 00:00:00,Hostel Zone,electricity_kwh,42.49
2026-09-18 01:00:00,Block A (Admin),electricity_kwh,40.54
2026-09-18 01:00:00,Block B (Library),electricity_kwh,57.05
2026-09-18 01:00:00,Block C (Engineering),electricity_kwh,53.57
2026-09-18 01:00:00,Hostel Zone,electricity_kwh,51.05
2026-09-18 02:00:00,Block A (Admin),electricity_kwh,49.45
2026-09-18 02:00:00,Block B (Library),electricity_kwh,47.66
2026-09-18 02:00:00,Block C (Engineering),electricity_kwh,52.02
2026-09-18 02:00:00,Hostel Zone,electricity_kwh,47.43
2026-09-18 03:00:00,Block A (Admin),electricity_kwh,49.36
2026-09-18 03:00:00,Block B (Library),electricity_kwh,57.45
2026-09-18 03:00:00,Block C (Engineering),electricity_kwh,46.24
2026-09-18 03:00:00,Hostel Zone,electricity_kwh,51.82
2026-09-18 04:00:00,Block A (Admin),electricity_kwh,109.86
2026-09-18 04:00:00,Block B (Library),electricity_kwh,118.42
2026-09-18 04:00:00,Block C (Engineering),electricity_kwh,113.55
2026-09-18 04:00:00,Hostel Zone,electricity_kwh,130.84
2026-09-18 05:00:00,Block A (Admin),electricity_kwh,136.59
2026-09-18 05:00:00,Block B (Library),electricity_kwh,131.05
2026-09-18 05:00:00,Block C (Engineering),electricity_kwh,119.58
2026-09-18 05:00:00,Hostel Zone,electricity_kwh,118.15
2026-09-18 06:00:00,Block A (Admin),electricity_kwh,120.16
2026-09-18 06:00:00,Block B (Library),electricity_kwh,100.55
2026-09-18 06:00:00,Block C (Engineering),electricity_kwh,120.07
2026-09-18 06:00:00,Hostel Zone,electricity_kwh,118.07
2026-09-18 07:00:00,Block A (Admin),electricity_kwh,138.48
2026-09-18 07:00:00,Block B (Library),electricity_kwh,127.31
2026-09-18 07:00:00,Block C (Engineering),electricity_kwh,108.67
2026-09-18 07:00:00,Hostel Zone,electricity_kwh,136.04
2026-09-18 08:00:00,Block A (Admin),electricity_kwh,140.41
2026-09-18 08:00:00,Block B (Library),electricity_kwh,110.36
2026-09-18 08:00:00,Block C (Engineering),electricity_kwh,139.64
2026-09-18 08:00:00,Hostel Zone,electricity_kwh,125.52
2026-09-18 09:00:00,Block A (Admin),electricity_kwh,130.47
2026-09-18 09:00:00,Block B (Library),electricity_kwh,125.06
2026-09-18 09:00:00,Block C (Engineering),electricity_kwh,131.46
2026-09-18 09:00:00,Hostel Zone,electricity_kwh,112.12
2026-09-18 10:00:00,Block A (Admin),electricity_kwh,137.1
2026-09-18 10:00:00,Block B (Library),electricity_kwh,139.25
2026-09-18 10:00:00,Block C (Engineering),electricity_kwh,117.93
2026-09-18 10:00:00,Hostel Zone,electricity_kwh,127.98
2026-09-18 11:00:00,Block A (Admin),electricity_kwh,126.4
2026-09-18 11:00:00,Block B (Library),electricity_kwh,141.25
2026-09-18 11:00:00,Block C (Engineering),electricity_kwh,129.16
2026-09-18 11:00:00,Hostel Zone,electricity_kwh,143.35
2026-09-18 12:00:00,Block A (Admin),electricity_kwh,104.81
2026-09-18 12:00:00,Block B (Library),electricity_kwh,136.99
2026-09-18 12:00:00,Block C (Engineering),electricity_kwh,122.99
2026-09-18 12:00:00,Hostel Zone,electricity_kwh,146.26
2026-09-18 13:00:00,Block A (Admin),electricity_kwh,126.72
2026-09-18 13:00:00,Block B (Library),electricity_kwh,120.27
2026-09-18 13:00:00,Block C (Engineering),electricity_kwh,126.61
2026-09-18 13:00:00,Hostel Zone,electricity_kwh,133.57
2026-09-18 14:00:00,Block A (Admin),electricity_kwh,131.18
2026-09-18 14:00:00,Block B (Library),electricity_kwh,127.44
2026-09-18 14:00:00,Block C (Engineering),electricity_kwh,143.18
2026-09-18 14:00:00,Hostel Zone,electricity_kwh,111.27
2026-09-18 15:00:00,Block A (Admin),electricity_kwh,50.98
2026-09-18 15:00:00,Block B (Library),electricity_kwh,47.57
2026-09-18 15:00:00,Block C (Engineering),electricity_kwh,48.75
2026-09-18 15:00:00,Hostel Zone,electricity_kwh,45.94
2026-09-18 16:00:00,Block A (Admin),electricity_kwh,48.0
2026-09-18 16:00:00,Block B (Library),electricity_kwh,62.61
2026-09-18 16:00:00,Block C (Engineering),electricity_kwh,46.71
2026-09-18 16:00:00,Hostel Zone,electricity_kwh,47.61
2026-09-18 17:00:00,Block A (Admin),electricity_kwh,48.47
2026-09-18 17:00:00,Block B (Library),electricity_kwh,47.43
2026-09-18 17:00:00,Block C (Engineering),electricity_kwh,55.68
2026-09-18 17:00:00,Hostel Zone,electricity_kwh,44.77
2026-09-18 18:00:00,Block A (Admin),electricity_kwh,53.92
2026-09-18 18:00:00,Block B (Library),electricity_kwh,52.61
2026-09-18 18:00:00,Block C (Engineering),electricity_kwh,42.33
2026-09-18 18:00:00,Hostel Zone,electricity_kwh,45.5
2026-09-18 19:00:00,Block A (Admin),electricity_kwh,50.73
2026-09-18 19:00:00,Block B (Library),electricity_kwh,47.56
2026-09-18 19:00:00,Block C (Engineering),electricity_kwh,48.15
2026-09-18 19:00:00,Hostel Zone,electricity_kwh,37.45
2026-09-18 20:00:00,Block A (Admin),electricity_kwh,52.51
2026-09-18 20:00:00,Block B (Library),electricity_kwh,42.88
2026-09-18 20:00:00,Block C (Engineering),electricity_kwh,56.66
2026-09-18 20:00:00,Hostel Zone,electricity_kwh,51.87
2026-09-18 21:00:00,Block A (Admin),electricity_kwh,49.67
2026-09-18 21:00:00,Block B (Library),electricity_kwh,48.57
2026-09-18 21:00:00,Block C (Engineering),electricity_kwh,49.66
2026-09-18 21:00:00,Hostel Zone,electricity_kwh,57.71
2026-09-18 22:00:00,Block A (Admin),electricity_kwh,44.09
2026-09-18 22:00:00,Block B (Library),electricity_kwh,43.41
2026-09-18 22:00:00,Block C (Engineering),electricity_kwh,57.36
2026-09-18 22:00:00,Hostel Zone,electricity_kwh,55.96
2026-09-18 23:00:00,Block A (Admin),electricity_kwh,40.49
2026-09-18 23:00:00,Block B (Library),electricity_kwh,45.1
2026-09-18 23:00:00,Block C (Engineering),electricity_kwh,49.63
2026-09-18 23:00:00,Hostel Zone,electricity_kwh,56.1
2026-09-19 00:00:00,Block A (Admin),electricity_kwh,44.07
2026-09-19 00:00:00,Block B (Library),electricity_kwh,46.71
2026-09-19 00:00:00,Block C (Engineering),electricity_kwh,49.49
2026-09-19 00:00:00,Hostel Zone,electricity_kwh,61.01
2026-09-19 01:00:00,Block A (Admin),electricity_kwh,45.66
2026-09-19 01:00:00,Block B (Library),electricity_kwh,49.76
2026-09-19 01:00:00,Block C (Engineering),electricity_kwh,58.34
2026-09-19 01:00:00,Hostel Zone,electricity_kwh,50.94
2026-09-19 02:00:00,Block A (Admin),electricity_kwh,50.93
2026-09-19 02:00:00,Block B (Library),electricity_kwh,49.46
2026-09-19 02:00:00,Block C (Engineering),electricity_kwh,46.41
2026-09-19 02:00:00,Hostel Zone,electricity_kwh,60.96
2026-09-19 03:00:00,Block A (Admin),electricity_kwh,49.33
2026-09-19 03:00:00,Block B (Library),electricity_kwh,46.74
2026-09-19 03:00:00,Block C (Engineering),electricity_kwh,42.69
2026-09-19 03:00:00,Hostel Zone,electricity_kwh,47.79
2026-09-19 04:00:00,Block A (Admin),electricity_kwh,131.68
2026-09-19 04:00:00,Block B (Library),electricity_kwh,128.06
2026-09-19 04:00:00,Block C (Engineering),electricity_kwh,113.55
2026-09-19 04:00:00,Hostel Zone,electricity_kwh,131.53
2026-09-19 05:00:00,Block A (Admin),electricity_kwh,130.39
2026-09-19 05:00:00,Block B (Library),electricity_kwh,131.3
2026-09-19 05:00:00,Block C (Engineering),electricity_kwh,130.82
2026-09-19 05:00:00,Hostel Zone,electricity_kwh,104.92
2026-09-19 06:00:00,Block A (Admin),electricity_kwh,134.09
2026-09-19 06:00:00,Block B (Library),electricity_kwh,135.1
2026-09-19 06:00:00,Block C (Engineering),electricity_kwh,119.33
2026-09-19 06:00:00,Hostel Zone,electricity_kwh,123.22
2026-09-19 07:00:00,Block A (Admin),electricity_kwh,129.74
2026-09-19 07:00:00,Block B (Library),electricity_kwh,132.83
2026-09-19 07:00:00,Block C (Engineering),electricity_kwh,131.31
2026-09-19 07:00:00,Hostel Zone,electricity_kwh,136.18
2026-09-19 08:00:00,Block A (Admin),electricity_kwh,140.71
2026-09-19 08:00:00,Block B (Library),electricity_kwh,108.52
2026-09-19 08:00:00,Block C (Engineering),electricity_kwh,132.88
2026-09-19 08:00:00,Hostel Zone,electricity_kwh,133.27
2026-09-19 09:00:00,Block A (Admin),electricity_kwh,131.63
2026-09-19 09:00:00,Block B (Library),electricity_kwh,112.22
2026-09-19 09:00:00,Block C (Engineering),electricity_kwh,115.39
2026-09-19 09:00:00,Hostel Zone,electricity_kwh,136.32
2026-09-19 10:00:00,Block A (Admin),electricity_kwh,118.48
2026-09-19 10:00:00,Block B (Library),electricity_kwh,102.05
2026-09-19 10:00:00,Block C (Engineering),electricity_kwh,139.14
2026-09-19 10:00:00,Hostel Zone,electricity_kwh,125.96
2026-09-19 11:00:00,Block A (Admin),electricity_kwh,113.92
2026-09-19 11:00:00,Block B (Library),electricity_kwh,110.1
2026-09-19 11:00:00,Block C (Engineering),electricity_kwh,115.69
2026-09-19 11:00:00,Hostel Zone,electricity_kwh,118.89
2026-09-19 12:00:00,Block A (Admin),electricity_kwh,135.11
2026-09-19 12:00:00,Block B (Library),electricity_kwh,104.32
2026-09-19 12:00:00,Block C (Engineering),electricity_kwh,113.3
2026-09-19 12:00:00,Hostel Zone,electricity_kwh,107.24
2026-09-19 13:00:00,Block A (Admin),electricity_kwh,114.81
2026-09-19 13:00:00,Block B (Library),electricity_kwh,121.4
2026-09-19 13:00:00,Block C (Engineering),electricity_kwh,107.35
2026-09-19 13:00:00,Hostel Zone,electricity_kwh,118.29
2026-09-19 14:00:00,Block A (Admin),electricity_kwh,115.09
2026-09-19 14:00:00,Block B (Library),electricity_kwh,95.08
2026-09-19 14:00:00,Block C (Engineering),electricity_kwh,125.64
2026-09-19 14:00:00,Hostel Zone,electricity_kwh,125.9
2026-09-19 15:00:00,Block A (Admin),electricity_kwh,49.41
2026-09-19 15:00:00,Block B (Library),electricity_kwh,48.3
2026-09-19 15:00:00,Block C (Engineering),electricity_kwh,41.89
2026-09-19 15:00:00,Hostel Zone,electricity_kwh,52.59
2026-09-19 16:00:00,Block A (Admin),electricity_kwh,46.69
2026-09-19 16:00:00,Block B (Library),electricity_kwh,57.45
2026-09-19 16:00:00,Block C (Engineering),electricity_kwh,48.28
2026-09-19 16:00:00,Hostel Zone,electricity_kwh,53.74
2026-09-19 17:00:00,Block A (Admin),electricity_kwh,50.66
2026-09-19 17:00:00,Block B (Library),electricity_kwh,47.98
2026-09-19 17:00:00,Block C (Engineering),electricity_kwh,43.11
2026-09-19 17:00:00,Hostel Zone,electricity_kwh,51.27
2026-09-19 18:00:00,Block A (Admin),electricity_kwh,54.1
2026-09-19 18:00:00,Block B (Library),electricity_kwh,57.5
2026-09-19 18:00:00,Block C (Engineering),electricity_kwh,45.98
2026-09-19 18:00:00,Hostel Zone,electricity_kwh,51.59
2026-09-19 19:00:00,Block A (Admin),electricity_kwh,52.21
2026-09-19 19:00:00,Block B (Library),electricity_kwh,51.93
2026-09-19 19:00:00,Block C (Engineering),electricity_kwh,59.49
2026-09-19 19:00:00,Hostel Zone,electricity_kwh,50.64
2026-09-19 20:00:00,Block A (Admin),electricity_kwh,41.7
2026-09-19 20:00:00,Block B (Library),electricity_kwh,44.44
2026-09-19 20:00:00,Block C (Engineering),electricity_kwh,42.64
2026-09-19 20:00:00,Hostel Zone,electricity_kwh,47.07
2026-09-19 21:00:00,Block A (Admin),electricity_kwh,56.42
2026-09-19 21:00:00,Block B (Library),electricity_kwh,56.07
2026-09-19 21:00:00,Block C (Engineering),electricity_kwh,48.36
2026-09-19 21:00:00,Hostel Zone,electricity_kwh,51.71
2026-09-19 22:00:00,Block A (Admin),electricity_kwh,50.87
2026-09-19 22:00:00,Block B (Library),electricity_kwh,53.29
2026-09-19 22:00:00,Block C (Engineering),electricity_kwh,61.06
2026-09-19 22:00:00,Hostel Zone,electricity_kwh,58.05
2026-09-19 23:00:00,Block A (Admin),electricity_kwh,44.99
2026-09-19 23:00:00,Block B (Library),electricity_kwh,59.32
2026-09-19 23:00:00,Block C (Engineering),electricity_kwh,51.43
2026-09-19 23:00:00,Hostel Zone,electricity_kwh,51.49
2026-09-20 00:00:00,Block A (Admin),electricity_kwh,60.31
2026-09-20 00:00:00,Block B (Library),electricity_kwh,50.56
2026-09-20 00:00:00,Block C (Engineering),electricity_kwh,48.58
2026-09-20 00:00:00,Hostel Zone,electricity_kwh,48.3
2026-09-20 01:00:00,Block A (Admin),electricity_kwh,42.49
2026-09-20 01:00:00,Block B (Library),electricity_kwh,46.15
2026-09-20 01:00:00,Block C (Engineering),electricity_kwh,49.58
2026-09-20 01:00:00,Hostel Zone,electricity_kwh,45.16
2026-09-20 02:00:00,Block A (Admin),electricity_kwh,49.96
2026-09-20 02:00:00,Block B (Library),electricity_kwh,46.49
2026-09-20 02:00:00,Block C (Engineering),electricity_kwh,46.32
2026-09-20 02:00:00,Hostel Zone,electricity_kwh,58.27
2026-09-20 03:00:00,Block A (Admin),electricity_kwh,55.2
2026-09-20 03:00:00,Block B (Library),electricity_kwh,53.06
2026-09-20 03:00:00,Block C (Engineering),electricity_kwh,55.84
2026-09-20 03:00:00,Hostel Zone,electricity_kwh,44.46
2026-09-20 04:00:00,Block A (Admin),electricity_kwh,124.83
2026-09-20 04:00:00,Block B (Library),electricity_kwh,144.15
2026-09-20 04:00:00,Block C (Engineering),electricity_kwh,135.56
2026-09-20 04:00:00,Hostel Zone,electricity_kwh,116.84
2026-09-20 05:00:00,Block A (Admin),electricity_kwh,136.42
2026-09-20 05:00:00,Block B (Library),electricity_kwh,112.68
2026-09-20 05:00:00,Block C (Engineering),electricity_kwh,150.17
2026-09-20 05:00:00,Hostel Zone,electricity_kwh,127.01
2026-09-20 06:00:00,Block A (Admin),electricity_kwh,114.56
2026-09-20 06:00:00,Block B (Library),electricity_kwh,122.67
2026-09-20 06:00:00,Block C (Engineering),electricity_kwh,114.49
2026-09-20 06:00:00,Hostel Zone,electricity_kwh,150.3
2026-09-20 07:00:00,Block A (Admin),electricity_kwh,135.08
2026-09-20 07:00:00,Block B (Library),electricity_kwh,109.41
2026-09-20 07:00:00,Block C (Engineering),electricity_kwh,115.91
2026-09-20 07:00:00,Hostel Zone,electricity_kwh,138.77
2026-09-20 08:00:00,Block A (Admin),electricity_kwh,131.98
2026-09-20 08:00:00,Block B (Library),electricity_kwh,148.33
2026-09-20 08:00:00,Block C (Engineering),electricity_kwh,144.4
2026-09-20 08:00:00,Hostel Zone,electricity_kwh,97.15
2026-09-20 09:00:00,Block A (Admin),electricity_kwh,129.67
2026-09-20 09:00:00,Block B (Library),electricity_kwh,106.74
2026-09-20 09:00:00,Block C (Engineering),electricity_kwh,143.26
2026-09-20 09:00:00,Hostel Zone,electricity_kwh,109.37
2026-09-20 10:00:00,Block A (Admin),electricity_kwh,105.97
2026-09-20 10:00:00,Block B (Library),electricity_kwh,123.28
2026-09-20 10:00:00,Block C (Engineering),electricity_kwh,123.59
2026-09-20 10:00:00,Hostel Zone,electricity_kwh,114.64
2026-09-20 11:00:00,Block A (Admin),electricity_kwh,115.61
2026-09-20 11:00:00,Block B (Library),electricity_kwh,104.54
2026-09-20 11:00:00,Block C (Engineering),electricity_kwh,133.99
2026-09-20 11:00:00,Hostel Zone,electricity_kwh,117.98
2026-09-20 12:00:00,Block A (Admin),electricity_kwh,133.52
2026-09-20 12:00:00,Block B (Library),electricity_kwh,139.35
2026-09-20 12:00:00,Block C (Engineering),electricity_kwh,129.53
2026-09-20 12:00:00,Hostel Zone,electricity_kwh,92.79
2026-09-20 13:00:00,Block A (Admin),electricity_kwh,111.94
2026-09-20 13:00:00,Block B (Library),electricity_kwh,132.58
2026-09-20 13:00:00,Block C (Engineering),electricity_kwh,125.49
2026-09-20 13:00:00,Hostel Zone,electricity_kwh,137.41
2026-09-20 14:00:00,Block A (Admin),electricity_kwh,129.18
2026-09-20 14:00:00,Block B (Library),electricity_kwh,103.62
2026-09-20 14:00:00,Block C (Engineering),electricity_kwh,126.5
2026-09-20 14:00:00,Hostel Zone,electricity_kwh,117.97
2026-09-20 15:00:00,Block A (Admin),electricity_kwh,45.87
2026-09-20 15:00:00,Block B (Library),electricity_kwh,47.05
2026-09-20 15:00:00,Block C (Engineering),electricity_kwh,42.26
2026-09-20 15:00:00,Hostel Zone,electricity_kwh,46.59
2026-09-20 16:00:00,Block A (Admin),electricity_kwh,52.54
2026-09-20 16:00:00,Block B (Library),electricity_kwh,48.28
2026-09-20 16:00:00,Block C (Engineering),electricity_kwh,57.25
2026-09-20 16:00:00,Hostel Zone,electricity_kwh,51.98
2026-09-20 17:00:00,Block A (Admin),electricity_kwh,52.18
2026-09-20 17:00:00,Block B (Library),electricity_kwh,56.81
2026-09-20 17:00:00,Block C (Engineering),electricity_kwh,58.48
2026-09-20 17:00:00,Hostel Zone,electricity_kwh,45.92
2026-09-20 18:00:00,Block A (Admin),electricity_kwh,49.05
2026-09-20 18:00:00,Block B (Library),electricity_kwh,56.0
2026-09-20 18:00:00,Block C (Engineering),electricity_kwh,57.57
2026-09-20 18:00:00,Hostel Zone,electricity_kwh,45.89
2026-09-20 19:00:00,Block A (Admin),electricity_kwh,40.71
2026-09-20 19:00:00,Block B (Library),electricity_kwh,48.69
2026-09-20 19:00:00,Block C (Engineering),electricity_kwh,49.63
2026-09-20 19:00:00,Hostel Zone,electricity_kwh,59.76
2026-09-20 20:00:00,Block A (Admin),electricity_kwh,41.13
2026-09-20 20:00:00,Block B (Library),electricity_kwh,45.36
2026-09-20 20:00:00,Block C (Engineering),electricity_kwh,44.37
2026-09-20 20:00:00,Hostel Zone,electricity_kwh,49.62
2026-09-20 21:00:00,Block A (Admin),electricity_kwh,47.63
2026-09-20 21:00:00,Block B (Library),electricity_kwh,52.08
2026-09-20 21:00:00,Block C (Engineering),electricity_kwh,50.19
2026-09-20 21:00:00,Hostel Zone,electricity_kwh,49.22
2026-09-20 22:00:00,Block A (Admin),electricity_kwh,47.88
2026-09-20 22:00:00,Block B (Library),electricity_kwh,60.1
2026-09-20 22:00:00,Block C (Engineering),electricity_kwh,49.56
2026-09-20 22:00:00,Hostel Zone,electricity_kwh,59.03
2026-09-20 23:00:00,Block A (Admin),electricity_kwh,58.27
2026-09-20 23:00:00,Block B (Library),electricity_kwh,42.92
2026-09-20 23:00:00,Block C (Engineering),electricity_kwh,49.61
2026-09-20 23:00:00,Hostel Zone,electricity_kwh,45.58
2026-09-21 00:00:00,Block A (Admin),electricity_kwh,54.7
2026-09-21 00:00:00,Block B (Library),electricity_kwh,53.3
2026-09-21 00:00:00,Block C (Engineering),electricity_kwh,57.66
2026-09-21 00:00:00,Hostel Zone,electricity_kwh,44.8
2026-09-21 01:00:00,Block A (Admin),electricity_kwh,46.29
2026-09-21 01:00:00,Block B (Library),electricity_kwh,52.4
2026-09-21 01:00:00,Block C (Engineering),electricity_kwh,51.67
2026-09-21 01:00:00,Hostel Zone,electricity_kwh,47.66
2026-09-21 02:00:00,Block A (Admin),electricity_kwh,52.23
2026-09-21 02:00:00,Block B (Library),electricity_kwh,50.86
2026-09-21 02:00:00,Block C (Engineering),electricity_kwh,49.45
2026-09-21 02:00:00,Hostel Zone,electricity_kwh,51.45
2026-09-21 03:00:00,Block A (Admin),electricity_kwh,53.95
2026-09-21 03:00:00,Block B (Library),electricity_kwh,55.7
2026-09-21 03:00:00,Block C (Engineering),electricity_kwh,56.08
2026-09-21 03:00:00,Hostel Zone,electricity_kwh,47.48
2026-09-21 04:00:00,Block A (Admin),electricity_kwh,147.96
2026-09-21 04:00:00,Block B (Library),electricity_kwh,119.01
2026-09-21 04:00:00,Block C (Engineering),electricity_kwh,126.05
2026-09-21 04:00:00,Hostel Zone,electricity_kwh,140.61
2026-09-21 05:00:00,Block A (Admin),electricity_kwh,139.5
2026-09-21 05:00:00,Block B (Library),electricity_kwh,111.9
2026-09-21 05:00:00,Block C (Engineering),electricity_kwh,101.9
2026-09-21 05:00:00,Hostel Zone,electricity_kwh,105.77
2026-09-21 06:00:00,Block A (Admin),electricity_kwh,139.02
2026-09-21 06:00:00,Block B (Library),electricity_kwh,132.36
2026-09-21 06:00:00,Block C (Engineering),electricity_kwh,109.62
2026-09-21 06:00:00,Hostel Zone,electricity_kwh,124.65
2026-09-21 07:00:00,Block A (Admin),electricity_kwh,136.69
2026-09-21 07:00:00,Block B (Library),electricity_kwh,109.31
2026-09-21 07:00:00,Block C (Engineering),electricity_kwh,108.2
2026-09-21 07:00:00,Hostel Zone,electricity_kwh,125.8
2026-09-21 08:00:00,Block A (Admin),electricity_kwh,96.04
2026-09-21 08:00:00,Block B (Library),electricity_kwh,129.6
2026-09-21 08:00:00,Block C (Engineering),electricity_kwh,133.99
2026-09-21 08:00:00,Hostel Zone,electricity_kwh,152.93
2026-09-21 09:00:00,Block A (Admin),electricity_kwh,123.42
2026-09-21 09:00:00,Block B (Library),electricity_kwh,119.51
2026-09-21 09:00:00,Block C (Engineering),electricity_kwh,129.59
2026-09-21 09:00:00,Hostel Zone,electricity_kwh,133.8
2026-09-21 10:00:00,Block A (Admin),electricity_kwh,129.86
2026-09-21 10:00:00,Block B (Library),electricity_kwh,94.88
2026-09-21 10:00:00,Block C (Engineering),electricity_kwh,129.77
2026-09-21 10:00:00,Hostel Zone,electricity_kwh,143.6
2026-09-21 11:00:00,Block A (Admin),electricity_kwh,135.46
2026-09-21 11:00:00,Block B (Library),electricity_kwh,121.29
2026-09-21 11:00:00,Block C (Engineering),electricity_kwh,125.99
2026-09-21 11:00:00,Hostel Zone,electricity_kwh,118.12
2026-09-21 12:00:00,Block A (Admin),electricity_kwh,129.72
2026-09-21 12:00:00,Block B (Library),electricity_kwh,138.23
2026-09-21 12:00:00,Block C (Engineering),electricity_kwh,118.11
2026-09-21 12:00:00,Hostel Zone,electricity_kwh,144.71
2026-09-21 13:00:00,Block A (Admin),electricity_kwh,108.58
2026-09-21 13:00:00,Block B (Library),electricity_kwh,150.42
2026-09-21 13:00:00,Block C (Engineering),electricity_kwh,98.13
2026-09-21 13:00:00,Hostel Zone,electricity_kwh,127.78
2026-09-21 14:00:00,Block A (Admin),electricity_kwh,118.95
2026-09-21 14:00:00,Block B (Library),electricity_kwh,108.95
2026-09-21 14:00:00,Block C (Engineering),electricity_kwh,131.53
2026-09-21 14:00:00,Hostel Zone,electricity_kwh,121.83
2026-09-21 15:00:00,Block A (Admin),electricity_kwh,44.92
2026-09-21 15:00:00,Block B (Library),electricity_kwh,50.12
2026-09-21 15:00:00,Block C (Engineering),electricity_kwh,55.38
2026-09-21 15:00:00,Hostel Zone,electricity_kwh,60.72
2026-09-21 16:00:00,Block A (Admin),electricity_kwh,44.91
2026-09-21 16:00:00,Block B (Library),electricity_kwh,55.64
2026-09-21 16:00:00,Block C (Engineering),electricity_kwh,51.44
2026-09-21 16:00:00,Hostel Zone,electricity_kwh,44.3
2026-09-21 17:00:00,Block A (Admin),electricity_kwh,47.69
2026-09-21 17:00:00,Block B (Library),electricity_kwh,62.7
2026-09-21 17:00:00,Block C (Engineering),electricity_kwh,49.75
2026-09-21 17:00:00,Hostel Zone,electricity_kwh,52.69
2026-09-21 18:00:00,Block A (Admin),electricity_kwh,47.29
2026-09-21 18:00:00,Block B (Library),electricity_kwh,52.69
2026-09-21 18:00:00,Block C (Engineering),electricity_kwh,46.82
2026-09-21 18:00:00,Hostel Zone,electricity_kwh,46.48
2026-09-21 19:00:00,Block A (Admin),electricity_kwh,50.11
2026-09-21 19:00:00,Block B (Library),electricity_kwh,43.21
2026-09-21 19:00:00,Block C (Engineering),electricity_kwh,44.74
2026-09-21 19:00:00,Hostel Zone,electricity_kwh,57.84
2026-09-21 20:00:00,Block A (Admin),electricity_kwh,55.53
2026-09-21 20:00:00,Block B (Library),electricity_kwh,51.47
2026-09-21 20:00:00,Block C (Engineering),electricity_kwh,46.96
2026-09-21 20:00:00,Hostel Zone,electricity_kwh,59.26
2026-09-21 21:00:00,Block A (Admin),electricity_kwh,53.65
2026-09-21 21:00:00,Block B (Library),electricity_kwh,53.74
2026-09-21 21:00:00,Block C (Engineering),electricity_kwh,49.99
2026-09-21 21:00:00,Hostel Zone,electricity_kwh,54.64
2026-09-21 22:00:00,Block A (Admin),electricity_kwh,48.86
2026-09-21 22:00:00,Block B (Library),electricity_kwh,57.64
2026-09-21 22:00:00,Block C (Engineering),electricity_kwh,56.81
2026-09-21 22:00:00,Hostel Zone,electricity_kwh,45.12
2026-09-21 23:00:00,Block A (Admin),electricity_kwh,49.03
2026-09-21 23:00:00,Block B (Library),electricity_kwh,41.08
2026-09-21 23:00:00,Block C (Engineering),electricity_kwh,43.21
2026-09-21 23:00:00,Hostel Zone,electricity_kwh,55.15
2026-09-22 00:00:00,Block A (Admin),electricity_kwh,48.68
2026-09-22 00:00:00,Block B (Library),electricity_kwh,46.31
2026-09-22 00:00:00,Block C (Engineering),electricity_kwh,57.13
2026-09-22 00:00:00,Hostel Zone,electricity_kwh,49.13
2026-09-22 01:00:00,Block A (Admin),electricity_kwh,48.69
2026-09-22 01:00:00,Block B (Library),electricity_kwh,52.63
2026-09-22 01:00:00,Block C (Engineering),electricity_kwh,42.0
2026-09-22 01:00:00,Hostel Zone,electricity_kwh,49.26
2026-09-22 02:00:00,Block A (Admin),electricity_kwh,53.3
2026-09-22 02:00:00,Block B (Library),electricity_kwh,65.09
2026-09-22 02:00:00,Block C (Engineering),electricity_kwh,47.58
2026-09-22 02:00:00,Hostel Zone,electricity_kwh,55.99
2026-09-22 03:00:00,Block A (Admin),electricity_kwh,50.82
2026-09-22 03:00:00,Block B (Library),electricity_kwh,49.01
2026-09-22 03:00:00,Block C (Engineering),electricity_kwh,50.67
2026-09-22 03:00:00,Hostel Zone,electricity_kwh,46.93
2026-09-22 04:00:00,Block A (Admin),electricity_kwh,127.82
2026-09-22 04:00:00,Block B (Library),electricity_kwh,127.9
2026-09-22 04:00:00,Block C (Engineering),electricity_kwh,117.84
2026-09-22 04:00:00,Hostel Zone,electricity_kwh,110.84
2026-09-22 05:00:00,Block A (Admin),electricity_kwh,125.03
2026-09-22 05:00:00,Block B (Library),electricity_kwh,117.55
2026-09-22 05:00:00,Block C (Engineering),electricity_kwh,106.9
2026-09-22 05:00:00,Hostel Zone,electricity_kwh,140.43
2026-09-22 06:00:00,Block A (Admin),electricity_kwh,131.55
2026-09-22 06:00:00,Block B (Library),electricity_kwh,133.29
2026-09-22 06:00:00,Block C (Engineering),electricity_kwh,114.04
2026-09-22 06:00:00,Hostel Zone,electricity_kwh,145.74
2026-09-22 07:00:00,Block A (Admin),electricity_kwh,127.87
2026-09-22 07:00:00,Block B (Library),electricity_kwh,111.93
2026-09-22 07:00:00,Block C (Engineering),electricity_kwh,120.41
2026-09-22 07:00:00,Hostel Zone,electricity_kwh,121.96
2026-09-22 08:00:00,Block A (Admin),electricity_kwh,142.0
2026-09-22 08:00:00,Block B (Library),electricity_kwh,119.2
2026-09-22 08:00:00,Block C (Engineering),electricity_kwh,147.35
2026-09-22 08:00:00,Hostel Zone,electricity_kwh,143.26
2026-09-22 09:00:00,Block A (Admin),electricity_kwh,133.46
2026-09-22 09:00:00,Block B (Library),electricity_kwh,129.9
2026-09-22 09:00:00,Block C (Engineering),electricity_kwh,113.15
2026-09-22 09:00:00,Hostel Zone,electricity_kwh,167.4
2026-09-22 10:00:00,Block A (Admin),electricity_kwh,118.18
2026-09-22 10:00:00,Block B (Library),electricity_kwh,119.28
2026-09-22 10:00:00,Block C (Engineering),electricity_kwh,115.93
2026-09-22 10:00:00,Hostel Zone,electricity_kwh,117.28
2026-09-22 11:00:00,Block A (Admin),electricity_kwh,125.28
2026-09-22 11:00:00,Block B (Library),electricity_kwh,127.69
2026-09-22 11:00:00,Block C (Engineering),electricity_kwh,98.84
2026-09-22 11:00:00,Hostel Zone,electricity_kwh,131.43
2026-09-22 12:00:00,Block A (Admin),electricity_kwh,116.97
2026-09-22 12:00:00,Block B (Library),electricity_kwh,116.44
2026-09-22 12:00:00,Block C (Engineering),electricity_kwh,124.87
2026-09-22 12:00:00,Hostel Zone,electricity_kwh,124.74
2026-09-22 13:00:00,Block A (Admin),electricity_kwh,112.3
2026-09-22 13:00:00,Block B (Library),electricity_kwh,118.38
2026-09-22 13:00:00,Block C (Engineering),electricity_kwh,143.85
2026-09-22 13:00:00,Hostel Zone,electricity_kwh,116.14
2026-09-22 14:00:00,Block A (Admin),electricity_kwh,114.4
2026-09-22 14:00:00,Block B (Library),electricity_kwh,118.83
2026-09-22 14:00:00,Block C (Engineering),electricity_kwh,125.84
2026-09-22 14:00:00,Hostel Zone,electricity_kwh,115.12
2026-09-22 15:00:00,Block A (Admin),electricity_kwh,49.57
2026-09-22 15:00:00,Block B (Library),electricity_kwh,58.56
2026-09-22 15:00:00,Block C (Engineering),electricity_kwh,50.74
2026-09-22 15:00:00,Hostel Zone,electricity_kwh,49.18
2026-09-22 16:00:00,Block A (Admin),electricity_kwh,44.0
2026-09-22 16:00:00,Block B (Library),electricity_kwh,55.27
2026-09-22 16:00:00,Block C (Engineering),electricity_kwh,51.72
2026-09-22 16:00:00,Hostel Zone,electricity_kwh,48.93
2026-09-22 17:00:00,Block A (Admin),electricity_kwh,46.31
2026-09-22 17:00:00,Block B (Library),electricity_kwh,45.87
2026-09-22 17:00:00,Block C (Engineering),electricity_kwh,47.26
2026-09-22 17:00:00,Hostel Zone,electricity_kwh,45.23
2026-09-22 18:00:00,Block A (Admin),electricity_kwh,58.17
2026-09-22 18:00:00,Block B (Library),electricity_kwh,55.12
2026-09-22 18:00:00,Block C (Engineering),electricity_kwh,55.47
2026-09-22 18:00:00,Hostel Zone,electricity_kwh,49.02
2026-09-22 19:00:00,Block A (Admin),electricity_kwh,46.66
2026-09-22 19:00:00,Block B (Library),electricity_kwh,55.4
2026-09-22 19:00:00,Block C (Engineering),electricity_kwh,48.76
2026-09-22 19:00:00,Hostel Zone,electricity_kwh,57.1
2026-09-22 20:00:00,Block A (Admin),electricity_kwh,51.75
2026-09-22 20:00:00,Block B (Library),electricity_kwh,51.18
2026-09-22 20:00:00,Block C (Engineering),electricity_kwh,48.55
2026-09-22 20:00:00,Hostel Zone,electricity_kwh,46.16
2026-09-22 21:00:00,Block A (Admin),electricity_kwh,51.38
2026-09-22 21:00:00,Block B (Library),electricity_kwh,57.45
2026-09-22 21:00:00,Block C (Engineering),electricity_kwh,50.82
2026-09-22 21:00:00,Hostel Zone,electricity_kwh,53.01
2026-09-22 22:00:00,Block A (Admin),electricity_kwh,38.47
2026-09-22 22:00:00,Block B (Library),electricity_kwh,41.76
2026-09-22 22:00:00,Block C (Engineering),electricity_kwh,50.02
2026-09-22 22:00:00,Hostel Zone,electricity_kwh,54.66
2026-09-22 23:00:00,Block A (Admin),electricity_kwh,43.12
2026-09-22 23:00:00,Block B (Library),electricity_kwh,57.92
2026-09-22 23:00:00,Block C (Engineering),electricity_kwh,45.45
2026-09-22 23:00:00,Hostel Zone,electricity_kwh,59.76
2026-09-23 00:00:00,Block A (Admin),electricity_kwh,50.78
2026-09-23 00:00:00,Block B (Library),electricity_kwh,48.68
2026-09-23 00:00:00,Block C (Engineering),electricity_kwh,45.35
2026-09-23 00:00:00,Hostel Zone,electricity_kwh,54.18
2026-09-23 01:00:00,Block A (Admin),electricity_kwh,45.63
2026-09-23 01:00:00,Block B (Library),electricity_kwh,43.34
2026-09-23 01:00:00,Block C (Engineering),electricity_kwh,43.79
2026-09-23 01:00:00,Hostel Zone,electricity_kwh,50.12
2026-09-23 02:00:00,Block A (Admin),electricity_kwh,58.65
2026-09-23 02:00:00,Block B (Library),electricity_kwh,51.87
2026-09-23 02:00:00,Block C (Engineering),electricity_kwh,50.1
2026-09-23 02:00:00,Hostel Zone,electricity_kwh,44.84
2026-09-23 03:00:00,Block A (Admin),electricity_kwh,46.88
2026-09-23 03:00:00,Block B (Library),electricity_kwh,45.88
2026-09-23 03:00:00,Block C (Engineering),electricity_kwh,55.48
2026-09-23 03:00:00,Hostel Zone,electricity_kwh,43.05
2026-09-23 04:00:00,Block A (Admin),electricity_kwh,105.25
2026-09-23 04:00:00,Block B (Library),electricity_kwh,119.82
2026-09-23 04:00:00,Block C (Engineering),electricity_kwh,124.91
2026-09-23 04:00:00,Hostel Zone,electricity_kwh,123.09
2026-09-23 05:00:00,Block A (Admin),electricity_kwh,123.6
2026-09-23 05:00:00,Block B (Library),electricity_kwh,134.55
2026-09-23 05:00:00,Block C (Engineering),electricity_kwh,144.22
2026-09-23 05:00:00,Hostel Zone,electricity_kwh,120.45
2026-09-23 06:00:00,Block A (Admin),electricity_kwh,117.44
2026-09-23 06:00:00,Block B (Library),electricity_kwh,118.18
2026-09-23 06:00:00,Block C (Engineering),electricity_kwh,114.31
2026-09-23 06:00:00,Hostel Zone,electricity_kwh,99.59
2026-09-23 07:00:00,Block A (Admin),electricity_kwh,116.17
2026-09-23 07:00:00,Block B (Library),electricity_kwh,127.18
2026-09-23 07:00:00,Block C (Engineering),electricity_kwh,96.16
2026-09-23 07:00:00,Hostel Zone,electricity_kwh,123.58
2026-09-23 08:00:00,Block A (Admin),electricity_kwh,108.72
2026-09-23 08:00:00,Block B (Library),electricity_kwh,128.73
2026-09-23 08:00:00,Block C (Engineering),electricity_kwh,116.15
2026-09-23 08:00:00,Hostel Zone,electricity_kwh,148.86
2026-09-23 09:00:00,Block A (Admin),electricity_kwh,126.19
2026-09-23 09:00:00,Block B (Library),electricity_kwh,136.71
2026-09-23 09:00:00,Block C (Engineering),electricity_kwh,115.37
2026-09-23 09:00:00,Hostel Zone,electricity_kwh,126.39
2026-09-23 10:00:00,Block A (Admin),electricity_kwh,135.6
2026-09-23 10:00:00,Block B (Library),electricity_kwh,131.05
2026-09-23 10:00:00,Block C (Engineering),electricity_kwh,128.25
2026-09-23 10:00:00,Hostel Zone,electricity_kwh,130.81
2026-09-23 11:00:00,Block A (Admin),electricity_kwh,127.87
2026-09-23 11:00:00,Block B (Library),electricity_kwh,127.89
2026-09-23 11:00:00,Block C (Engineering),electricity_kwh,123.5
2026-09-23 11:00:00,Hostel Zone,electricity_kwh,138.91
2026-09-23 12:00:00,Block A (Admin),electricity_kwh,123.04
2026-09-23 12:00:00,Block B (Library),electricity_kwh,127.11
2026-09-23 12:00:00,Block C (Engineering),electricity_kwh,120.62
2026-09-23 12:00:00,Hostel Zone,electricity_kwh,126.86
2026-09-23 13:00:00,Block A (Admin),electricity_kwh,144.12
2026-09-23 13:00:00,Block B (Library),electricity_kwh,145.99
2026-09-23 13:00:00,Block C (Engineering),electricity_kwh,134.15
2026-09-23 13:00:00,Hostel Zone,electricity_kwh,130.6
2026-09-23 14:00:00,Block A (Admin),electricity_kwh,120.08
2026-09-23 14:00:00,Block B (Library),electricity_kwh,112.75
2026-09-23 14:00:00,Block C (Engineering),electricity_kwh,118.53
2026-09-23 14:00:00,Hostel Zone,electricity_kwh,125.64
2026-09-23 15:00:00,Block A (Admin),electricity_kwh,49.98
2026-09-23 15:00:00,Block B (Library),electricity_kwh,43.78
2026-09-23 15:00:00,Block C (Engineering),electricity_kwh,45.0
2026-09-23 15:00:00,Hostel Zone,electricity_kwh,47.19
2026-09-23 16:00:00,Block A (Admin),electricity_kwh,54.04
2026-09-23 16:00:00,Block B (Library),electricity_kwh,46.04
2026-09-23 16:00:00,Block C (Engineering),electricity_kwh,39.9
2026-09-23 16:00:00,Hostel Zone,electricity_kwh,56.08
2026-09-23 17:00:00,Block A (Admin),electricity_kwh,57.03
2026-09-23 17:00:00,Block B (Library),electricity_kwh,54.37
2026-09-23 17:00:00,Block C (Engineering),electricity_kwh,44.76
2026-09-23 17:00:00,Hostel Zone,electricity_kwh,58.19
2026-09-23 18:00:00,Block A (Admin),electricity_kwh,53.77
2026-09-23 18:00:00,Block B (Library),electricity_kwh,51.25
2026-09-23 18:00:00,Block C (Engineering),electricity_kwh,52.56
2026-09-23 18:00:00,Hostel Zone,electricity_kwh,46.69
2026-09-23 19:00:00,Block A (Admin),electricity_kwh,54.18
2026-09-23 19:00:00,Block B (Library),electricity_kwh,44.02
2026-09-23 19:00:00,Block C (Engineering),electricity_kwh,54.25
2026-09-23 19:00:00,Hostel Zone,electricity_kwh,50.13
2026-09-23 20:00:00,Block A (Admin),electricity_kwh,58.56
2026-09-23 20:00:00,Block B (Library),electricity_kwh,50.57
2026-09-23 20:00:00,Block C (Engineering),electricity_kwh,49.49
2026-09-23 20:00:00,Hostel Zone,electricity_kwh,44.4
2026-09-23 21:00:00,Block A (Admin),electricity_kwh,47.82
2026-09-23 21:00:00,Block B (Library),electricity_kwh,56.29
2026-09-23 21:00:00,Block C (Engineering),electricity_kwh,47.97
2026-09-23 21:00:00,Hostel Zone,electricity_kwh,53.13
2026-09-23 22:00:00,Block A (Admin),electricity_kwh,48.17
2026-09-23 22:00:00,Block B (Library),electricity_kwh,44.6
2026-09-23 22:00:00,Block C (Engineering),electricity_kwh,43.76
2026-09-23 22:00:00,Hostel Zone,electricity_kwh,47.62
2026-09-23 23:00:00,Block A (Admin),electricity_kwh,48.65
2026-09-23 23:00:00,Block B (Library),electricity_kwh,46.93
2026-09-23 23:00:00,Block C (Engineering),electricity_kwh,46.98
2026-09-23 23:00:00,Hostel Zone,electricity_kwh,43.4
2026-09-24 00:00:00,Block A (Admin),electricity_kwh,51.36
2026-09-24 00:00:00,Block B (Library),electricity_kwh,55.14
2026-09-24 00:00:00,Block C (Engineering),electricity_kwh,53.75
2026-09-24 00:00:00,Hostel Zone,electricity_kwh,45.46
2026-09-24 01:00:00,Block A (Admin),electricity_kwh,57.6
2026-09-24 01:00:00,Block B (Library),electricity_kwh,52.86
2026-09-24 01:00:00,Block C (Engineering),electricity_kwh,51.86
2026-09-24 01:00:00,Hostel Zone,electricity_kwh,55.66
2026-09-24 02:00:00,Block A (Admin),electricity_kwh,50.76
2026-09-24 02:00:00,Block B (Library),electricity_kwh,55.61
2026-09-24 02:00:00,Block C (Engineering),electricity_kwh,54.79
2026-09-24 02:00:00,Hostel Zone,electricity_kwh,51.78
2026-09-24 03:00:00,Block A (Admin),electricity_kwh,55.51
2026-09-24 03:00:00,Block B (Library),electricity_kwh,47.84
2026-09-24 03:00:00,Block C (Engineering),electricity_kwh,51.05
2026-09-24 03:00:00,Hostel Zone,electricity_kwh,56.53
2026-09-24 04:00:00,Block A (Admin),electricity_kwh,119.25
2026-09-24 04:00:00,Block B (Library),electricity_kwh,144.19
2026-09-24 04:00:00,Block C (Engineering),electricity_kwh,140.38
2026-09-24 04:00:00,Hostel Zone,electricity_kwh,118.23
2026-09-24 05:00:00,Block A (Admin),electricity_kwh,110.74
2026-09-24 05:00:00,Block B (Library),electricity_kwh,110.72
2026-09-24 05:00:00,Block C (Engineering),electricity_kwh,131.24
2026-09-24 05:00:00,Hostel Zone,electricity_kwh,129.49
2026-09-24 06:00:00,Block A (Admin),electricity_kwh,128.32
2026-09-24 06:00:00,Block B (Library),electricity_kwh,130.51
2026-09-24 06:00:00,Block C (Engineering),electricity_kwh,94.78
2026-09-24 06:00:00,Hostel Zone,electricity_kwh,125.45
2026-09-24 07:00:00,Block A (Admin),electricity_kwh,120.16
2026-09-24 07:00:00,Block B (Library),electricity_kwh,140.53
2026-09-24 07:00:00,Block C (Engineering),electricity_kwh,129.27
2026-09-24 07:00:00,Hostel Zone,electricity_kwh,120.04
2026-09-24 08:00:00,Block A (Admin),electricity_kwh,122.52
2026-09-24 08:00:00,Block B (Library),electricity_kwh,112.79
2026-09-24 08:00:00,Block C (Engineering),electricity_kwh,134.31
2026-09-24 08:00:00,Hostel Zone,electricity_kwh,136.72
2026-09-24 09:00:00,Block A (Admin),electricity_kwh,149.76
2026-09-24 09:00:00,Block B (Library),electricity_kwh,135.25
2026-09-24 09:00:00,Block C (Engineering),electricity_kwh,127.6
2026-09-24 09:00:00,Hostel Zone,electricity_kwh,130.84
2026-09-24 10:00:00,Block A (Admin),electricity_kwh,135.66
2026-09-24 10:00:00,Block B (Library),electricity_kwh,127.49
2026-09-24 10:00:00,Block C (Engineering),electricity_kwh,128.07
2026-09-24 10:00:00,Hostel Zone,electricity_kwh,113.54
2026-09-24 11:00:00,Block A (Admin),electricity_kwh,106.28
2026-09-24 11:00:00,Block B (Library),electricity_kwh,107.38
2026-09-24 11:00:00,Block C (Engineering),electricity_kwh,145.43
2026-09-24 11:00:00,Hostel Zone,electricity_kwh,105.09
2026-09-24 12:00:00,Block A (Admin),electricity_kwh,109.77
2026-09-24 12:00:00,Block B (Library),electricity_kwh,130.97
2026-09-24 12:00:00,Block C (Engineering),electricity_kwh,110.18
2026-09-24 12:00:00,Hostel Zone,electricity_kwh,130.23
2026-09-24 13:00:00,Block A (Admin),electricity_kwh,115.83
2026-09-24 13:00:00,Block B (Library),electricity_kwh,107.32
2026-09-24 13:00:00,Block C (Engineering),electricity_kwh,133.47
2026-09-24 13:00:00,Hostel Zone,electricity_kwh,144.58
2026-09-24 14:00:00,Block A (Admin),electricity_kwh,122.73
2026-09-24 14:00:00,Block B (Library),electricity_kwh,117.14
2026-09-24 14:00:00,Block C (Engineering),electricity_kwh,121.59
2026-09-24 14:00:00,Hostel Zone,electricity_kwh,137.67
2026-09-24 15:00:00,Block A (Admin),electricity_kwh,49.54
2026-09-24 15:00:00,Block B (Library),electricity_kwh,62.02
2026-09-24 15:00:00,Block C (Engineering),electricity_kwh,42.94
2026-09-24 15:00:00,Hostel Zone,electricity_kwh,49.6
2026-09-24 16:00:00,Block A (Admin),electricity_kwh,57.86
2026-09-24 16:00:00,Block B (Library),electricity_kwh,56.81
2026-09-24 16:00:00,Block C (Engineering),electricity_kwh,49.64
2026-09-24 16:00:00,Hostel Zone,electricity_kwh,50.36
2026-09-24 17:00:00,Block A (Admin),electricity_kwh,47.6
2026-09-24 17:00:00,Block B (Library),electricity_kwh,45.07
2026-09-24 17:00:00,Block C (Engineering),electricity_kwh,47.89
2026-09-24 17:00:00,Hostel Zone,electricity_kwh,45.74
2026-09-24 18:00:00,Block A (Admin),electricity_kwh,48.89
2026-09-24 18:00:00,Block B (Library),electricity_kwh,46.49
2026-09-24 18:00:00,Block C (Engineering),electricity_kwh,48.18
2026-09-24 18:00:00,Hostel Zone,electricity_kwh,47.6
2026-09-24 19:00:00,Block A (Admin),electricity_kwh,46.31
2026-09-24 19:00:00,Block B (Library),electricity_kwh,51.3
2026-09-24 19:00:00,Block C (Engineering),electricity_kwh,46.5
2026-09-24 19:00:00,Hostel Zone,electricity_kwh,53.6
2026-09-24 20:00:00,Block A (Admin),electricity_kwh,51.72
2026-09-24 20:00:00,Block B (Library),electricity_kwh,50.72
2026-09-24 20:00:00,Block C (Engineering),electricity_kwh,50.32
2026-09-24 20:00:00,Hostel Zone,electricity_kwh,50.35
2026-09-24 21:00:00,Block A (Admin),electricity_kwh,50.78
2026-09-24 21:00:00,Block B (Library),electricity_kwh,51.7
2026-09-24 21:00:00,Block C (Engineering),electricity_kwh,47.81
2026-09-24 21:00:00,Hostel Zone,electricity_kwh,47.33
2026-09-24 22:00:00,Block A (Admin),electricity_kwh,49.93
2026-09-24 22:00:00,Block B (Library),electricity_kwh,48.14
2026-09-24 22:00:00,Block C (Engineering),electricity_kwh,50.22
2026-09-24 22:00:00,Hostel Zone,electricity_kwh,43.09
2026-09-24 23:00:00,Block A (Admin),electricity_kwh,43.13
2026-09-24 23:00:00,Block B (Library),electricity_kwh,51.44
2026-09-24 23:00:00,Block C (Engineering),electricity_kwh,49.29
2026-09-24 23:00:00,Hostel Zone,electricity_kwh,54.26
2026-09-25 00:00:00,Block A (Admin),electricity_kwh,53.93
2026-09-25 00:00:00,Block B (Library),electricity_kwh,49.97
2026-09-25 00:00:00,Block C (Engineering),electricity_kwh,43.56
2026-09-25 00:00:00,Hostel Zone,electricity_kwh,48.71
2026-09-25 01:00:00,Block A (Admin),electricity_kwh,54.73
2026-09-25 01:00:00,Block B (Library),electricity_kwh,51.22
2026-09-25 01:00:00,Block C (Engineering),electricity_kwh,57.4
2026-09-25 01:00:00,Hostel Zone,electricity_kwh,47.36
2026-09-25 02:00:00,Block A (Admin),electricity_kwh,50.9
2026-09-25 02:00:00,Block B (Library),electricity_kwh,47.07
2026-09-25 02:00:00,Block C (Engineering),electricity_kwh,54.44
2026-09-25 02:00:00,Hostel Zone,electricity_kwh,53.59
2026-09-25 03:00:00,Block A (Admin),electricity_kwh,44.72
2026-09-25 03:00:00,Block B (Library),electricity_kwh,55.3
2026-09-25 03:00:00,Block C (Engineering),electricity_kwh,56.24
2026-09-25 03:00:00,Hostel Zone,electricity_kwh,48.31
2026-09-25 04:00:00,Block A (Admin),electricity_kwh,138.11
2026-09-25 04:00:00,Block B (Library),electricity_kwh,113.31
2026-09-25 04:00:00,Block C (Engineering),electricity_kwh,106.45
2026-09-25 04:00:00,Hostel Zone,electricity_kwh,123.89
2026-09-25 05:00:00,Block A (Admin),electricity_kwh,130.52
2026-09-25 05:00:00,Block B (Library),electricity_kwh,116.21
2026-09-25 05:00:00,Block C (Engineering),electricity_kwh,101.67
2026-09-25 05:00:00,Hostel Zone,electricity_kwh,130.37
2026-09-25 06:00:00,Block A (Admin),electricity_kwh,125.24
2026-09-25 06:00:00,Block B (Library),electricity_kwh,122.73
2026-09-25 06:00:00,Block C (Engineering),electricity_kwh,110.68
2026-09-25 06:00:00,Hostel Zone,electricity_kwh,134.45
2026-09-25 07:00:00,Block A (Admin),electricity_kwh,112.55
2026-09-25 07:00:00,Block B (Library),electricity_kwh,157.85
2026-09-25 07:00:00,Block C (Engineering),electricity_kwh,132.65
2026-09-25 07:00:00,Hostel Zone,electricity_kwh,126.49
2026-09-25 08:00:00,Block A (Admin),electricity_kwh,114.39
2026-09-25 08:00:00,Block B (Library),electricity_kwh,122.8
2026-09-25 08:00:00,Block C (Engineering),electricity_kwh,136.99
2026-09-25 08:00:00,Hostel Zone,electricity_kwh,141.01
2026-09-25 09:00:00,Block A (Admin),electricity_kwh,104.17
2026-09-25 09:00:00,Block B (Library),electricity_kwh,113.57
2026-09-25 09:00:00,Block C (Engineering),electricity_kwh,143.47
2026-09-25 09:00:00,Hostel Zone,electricity_kwh,112.28
2026-09-25 10:00:00,Block A (Admin),electricity_kwh,118.65
2026-09-25 10:00:00,Block B (Library),electricity_kwh,142.11
2026-09-25 10:00:00,Block C (Engineering),electricity_kwh,125.12
2026-09-25 10:00:00,Hostel Zone,electricity_kwh,125.86
2026-09-25 11:00:00,Block A (Admin),electricity_kwh,120.44
2026-09-25 11:00:00,Block B (Library),electricity_kwh,129.93
2026-09-25 11:00:00,Block C (Engineering),electricity_kwh,100.59
2026-09-25 11:00:00,Hostel Zone,electricity_kwh,123.9
2026-09-25 12:00:00,Block A (Admin),electricity_kwh,124.67
2026-09-25 12:00:00,Block B (Library),electricity_kwh,112.57
2026-09-25 12:00:00,Block C (Engineering),electricity_kwh,132.56
2026-09-25 12:00:00,Hostel Zone,electricity_kwh,124.52
2026-09-25 13:00:00,Block A (Admin),electricity_kwh,125.43
2026-09-25 13:00:00,Block B (Library),electricity_kwh,124.26
2026-09-25 13:00:00,Block C (Engineering),electricity_kwh,112.55
2026-09-25 13:00:00,Hostel Zone,electricity_kwh,119.71
2026-09-25 14:00:00,Block A (Admin),electricity_kwh,150.1
2026-09-25 14:00:00,Block B (Library),electricity_kwh,126.74
2026-09-25 14:00:00,Block C (Engineering),electricity_kwh,95.92
2026-09-25 14:00:00,Hostel Zone,electricity_kwh,117.07
2026-09-25 15:00:00,Block A (Admin),electricity_kwh,41.19
2026-09-25 15:00:00,Block B (Library),electricity_kwh,38.02
2026-09-25 15:00:00,Block C (Engineering),electricity_kwh,55.4
2026-09-25 15:00:00,Hostel Zone,electricity_kwh,53.29
2026-09-25 16:00:00,Block A (Admin),electricity_kwh,45.8
2026-09-25 16:00:00,Block B (Library),electricity_kwh,53.07
2026-09-25 16:00:00,Block C (Engineering),electricity_kwh,59.6
2026-09-25 16:00:00,Hostel Zone,electricity_kwh,57.88
2026-09-25 17:00:00,Block A (Admin),electricity_kwh,52.36
2026-09-25 17:00:00,Block B (Library),electricity_kwh,47.47
2026-09-25 17:00:00,Block C (Engineering),electricity_kwh,50.03
2026-09-25 17:00:00,Hostel Zone,electricity_kwh,47.92
2026-09-25 18:00:00,Block A (Admin),electricity_kwh,51.06
2026-09-25 18:00:00,Block B (Library),electricity_kwh,54.48
2026-09-25 18:00:00,Block C (Engineering),electricity_kwh,53.59
2026-09-25 18:00:00,Hostel Zone,electricity_kwh,52.91
2026-09-25 19:00:00,Block A (Admin),electricity_kwh,51.78
2026-09-25 19:00:00,Block B (Library),electricity_kwh,51.77
2026-09-25 19:00:00,Block C (Engineering),electricity_kwh,54.67
2026-09-25 19:00:00,Hostel Zone,electricity_kwh,49.85
2026-09-25 20:00:00,Block A (Admin),electricity_kwh,48.94
2026-09-25 20:00:00,Block B (Library),electricity_kwh,48.76
2026-09-25 20:00:00,Block C (Engineering),electricity_kwh,51.0
2026-09-25 20:00:00,Hostel Zone,electricity_kwh,49.79
2026-09-25 21:00:00,Block A (Admin),electricity_kwh,49.06
2026-09-25 21:00:00,Block B (Library),electricity_kwh,44.23
2026-09-25 21:00:00,Block C (Engineering),electricity_kwh,55.52
2026-09-25 21:00:00,Hostel Zone,electricity_kwh,49.57
2026-09-25 22:00:00,Block A (Admin),electricity_kwh,50.62
2026-09-25 22:00:00,Block B (Library),electricity_kwh,50.53
2026-09-25 22:00:00,Block C (Engineering),electricity_kwh,55.2
2026-09-25 22:00:00,Hostel Zone,electricity_kwh,49.97
2026-09-25 23:00:00,Block A (Admin),electricity_kwh,44.28
2026-09-25 23:00:00,Block B (Library),electricity_kwh,44.2
2026-09-25 23:00:00,Block C (Engineering),electricity_kwh,40.59
2026-09-25 23:00:00,Hostel Zone,electricity_kwh,50.76
2026-09-26 00:00:00,Block A (Admin),electricity_kwh,39.08
2026-09-26 00:00:00,Block B (Library),electricity_kwh,52.43
2026-09-26 00:00:00,Block C (Engineering),electricity_kwh,47.04
2026-09-26 00:00:00,Hostel Zone,electricity_kwh,50.19
2026-09-26 01:00:00,Block A (Admin),electricity_kwh,47.14
2026-09-26 01:00:00,Block B (Library),electricity_kwh,46.8
2026-09-26 01:00:00,Block C (Engineering),electricity_kwh,48.97
2026-09-26 01:00:00,Hostel Zone,electricity_kwh,46.71
2026-09-26 02:00:00,Block A (Admin),electricity_kwh,48.31
2026-09-26 02:00:00,Block B (Library),electricity_kwh,49.36
2026-09-26 02:00:00,Block C (Engineering),electricity_kwh,51.03
2026-09-26 02:00:00,Hostel Zone,electricity_kwh,43.72
2026-09-26 03:00:00,Block A (Admin),electricity_kwh,50.98
2026-09-26 03:00:00,Block B (Library),electricity_kwh,52.88
2026-09-26 03:00:00,Block C (Engineering),electricity_kwh,44.45
2026-09-26 03:00:00,Hostel Zone,electricity_kwh,52.3
2026-09-26 04:00:00,Block A (Admin),electricity_kwh,131.25
2026-09-26 04:00:00,Block B (Library),electricity_kwh,128.54
2026-09-26 04:00:00,Block C (Engineering),electricity_kwh,115.36
2026-09-26 04:00:00,Hostel Zone,electricity_kwh,127.73
2026-09-26 05:00:00,Block A (Admin),electricity_kwh,137.08
2026-09-26 05:00:00,Block B (Library),electricity_kwh,126.63
2026-09-26 05:00:00,Block C (Engineering),electricity_kwh,134.16
2026-09-26 05:00:00,Hostel Zone,electricity_kwh,130.04
2026-09-26 06:00:00,Block A (Admin),electricity_kwh,150.31
2026-09-26 06:00:00,Block B (Library),electricity_kwh,150.28
2026-09-26 06:00:00,Block C (Engineering),electricity_kwh,128.7
2026-09-26 06:00:00,Hostel Zone,electricity_kwh,127.22
2026-09-26 07:00:00,Block A (Admin),electricity_kwh,132.71
2026-09-26 07:00:00,Block B (Library),electricity_kwh,126.39
2026-09-26 07:00:00,Block C (Engineering),electricity_kwh,120.19
2026-09-26 07:00:00,Hostel Zone,electricity_kwh,129.79
2026-09-26 08:00:00,Block A (Admin),electricity_kwh,116.34
2026-09-26 08:00:00,Block B (Library),electricity_kwh,129.05
2026-09-26 08:00:00,Block C (Engineering),electricity_kwh,96.21
2026-09-26 08:00:00,Hostel Zone,electricity_kwh,135.64
2026-09-26 09:00:00,Block A (Admin),electricity_kwh,136.48
2026-09-26 09:00:00,Block B (Library),electricity_kwh,141.14
2026-09-26 09:00:00,Block C (Engineering),electricity_kwh,122.19
2026-09-26 09:00:00,Hostel Zone,electricity_kwh,139.0
2026-09-26 10:00:00,Block A (Admin),electricity_kwh,129.68
2026-09-26 10:00:00,Block B (Library),electricity_kwh,142.33
2026-09-26 10:00:00,Block C (Engineering),electricity_kwh,126.33
2026-09-26 10:00:00,Hostel Zone,electricity_kwh,139.25
2026-09-26 11:00:00,Block A (Admin),electricity_kwh,156.59
2026-09-26 11:00:00,Block B (Library),electricity_kwh,148.73
2026-09-26 11:00:00,Block C (Engineering),electricity_kwh,132.74
2026-09-26 11:00:00,Hostel Zone,electricity_kwh,132.63
2026-09-26 12:00:00,Block A (Admin),electricity_kwh,114.76
2026-09-26 12:00:00,Block B (Library),electricity_kwh,141.33
2026-09-26 12:00:00,Block C (Engineering),electricity_kwh,130.17
2026-09-26 12:00:00,Hostel Zone,electricity_kwh,134.55
2026-09-26 13:00:00,Block A (Admin),electricity_kwh,130.24
2026-09-26 13:00:00,Block B (Library),electricity_kwh,118.15
2026-09-26 13:00:00,Block C (Engineering),electricity_kwh,131.03
2026-09-26 13:00:00,Hostel Zone,electricity_kwh,130.5
2026-09-26 14:00:00,Block A (Admin),electricity_kwh,98.25
2026-09-26 14:00:00,Block B (Library),electricity_kwh,150.06
2026-09-26 14:00:00,Block C (Engineering),electricity_kwh,118.88
2026-09-26 14:00:00,Hostel Zone,electricity_kwh,119.34
2026-09-26 15:00:00,Block A (Admin),electricity_kwh,50.09
2026-09-26 15:00:00,Block B (Library),electricity_kwh,53.32
2026-09-26 15:00:00,Block C (Engineering),electricity_kwh,55.43
2026-09-26 15:00:00,Hostel Zone,electricity_kwh,40.64
2026-09-26 16:00:00,Block A (Admin),electricity_kwh,45.81
2026-09-26 16:00:00,Block B (Library),electricity_kwh,50.61
2026-09-26 16:00:00,Block C (Engineering),electricity_kwh,46.71
2026-09-26 16:00:00,Hostel Zone,electricity_kwh,42.44
2026-09-26 17:00:00,Block A (Admin),electricity_kwh,47.97
2026-09-26 17:00:00,Block B (Library),electricity_kwh,50.0
2026-09-26 17:00:00,Block C (Engineering),electricity_kwh,50.24
2026-09-26 17:00:00,Hostel Zone,electricity_kwh,60.74
2026-09-26 18:00:00,Block A (Admin),electricity_kwh,52.43
2026-09-26 18:00:00,Block B (Library),electricity_kwh,59.88
2026-09-26 18:00:00,Block C (Engineering),electricity_kwh,52.63
2026-09-26 18:00:00,Hostel Zone,electricity_kwh,51.67
2026-09-26 19:00:00,Block A (Admin),electricity_kwh,42.26
2026-09-26 19:00:00,Block B (Library),electricity_kwh,53.99
2026-09-26 19:00:00,Block C (Engineering),electricity_kwh,56.66
2026-09-26 19:00:00,Hostel Zone,electricity_kwh,52.48
2026-09-26 20:00:00,Block A (Admin),electricity_kwh,41.23
2026-09-26 20:00:00,Block B (Library),electricity_kwh,44.91
2026-09-26 20:00:00,Block C (Engineering),electricity_kwh,51.48
2026-09-26 20:00:00,Hostel Zone,electricity_kwh,54.1
2026-09-26 21:00:00,Block A (Admin),electricity_kwh,48.3
2026-09-26 21:00:00,Block B (Library),electricity_kwh,44.67
2026-09-26 21:00:00,Block C (Engineering),electricity_kwh,45.74
2026-09-26 21:00:00,Hostel Zone,electricity_kwh,60.95
2026-09-26 22:00:00,Block A (Admin),electricity_kwh,53.86
2026-09-26 22:00:00,Block B (Library),electricity_kwh,45.45
2026-09-26 22:00:00,Block C (Engineering),electricity_kwh,52.73
2026-09-26 22:00:00,Hostel Zone,electricity_kwh,45.08
2026-09-26 23:00:00,Block A (Admin),electricity_kwh,48.61
2026-09-26 23:00:00,Block B (Library),electricity_kwh,54.06
2026-09-26 23:00:00,Block C (Engineering),electricity_kwh,50.22
2026-09-26 23:00:00,Hostel Zone,electricity_kwh,47.63
2026-09-27 00:00:00,Block A (Admin),electricity_kwh,53.36
2026-09-27 00:00:00,Block B (Library),electricity_kwh,45.54
2026-09-27 00:00:00,Block C (Engineering),electricity_kwh,49.04
2026-09-27 00:00:00,Hostel Zone,electricity_kwh,44.36
2026-09-27 01:00:00,Block A (Admin),electricity_kwh,46.22
2026-09-27 01:00:00,Block B (Library),electricity_kwh,43.96
2026-09-27 01:00:00,Block C (Engineering),electricity_kwh,50.67
2026-09-27 01:00:00,Hostel Zone,electricity_kwh,49.9
2026-09-27 02:00:00,Block A (Admin),electricity_kwh,46.37
2026-09-27 02:00:00,Block B (Library),electricity_kwh,44.74
2026-09-27 02:00:00,Block C (Engineering),electricity_kwh,54.17
2026-09-27 02:00:00,Hostel Zone,electricity_kwh,47.48
2026-09-27 03:00:00,Block A (Admin),electricity_kwh,48.96
2026-09-27 03:00:00,Block B (Library),electricity_kwh,48.69
2026-09-27 03:00:00,Block C (Engineering),electricity_kwh,44.08
2026-09-27 03:00:00,Hostel Zone,electricity_kwh,49.73
2026-09-27 04:00:00,Block A (Admin),electricity_kwh,144.96
2026-09-27 04:00:00,Block B (Library),electricity_kwh,151.94
2026-09-27 04:00:00,Block C (Engineering),electricity_kwh,128.95
2026-09-27 04:00:00,Hostel Zone,electricity_kwh,130.94
2026-09-27 05:00:00,Block A (Admin),electricity_kwh,129.98
2026-09-27 05:00:00,Block B (Library),electricity_kwh,127.19
2026-09-27 05:00:00,Block C (Engineering),electricity_kwh,119.69
2026-09-27 05:00:00,Hostel Zone,electricity_kwh,112.07
2026-09-27 06:00:00,Block A (Admin),electricity_kwh,120.98
2026-09-27 06:00:00,Block B (Library),electricity_kwh,110.7
2026-09-27 06:00:00,Block C (Engineering),electricity_kwh,134.84
2026-09-27 06:00:00,Hostel Zone,electricity_kwh,113.05
2026-09-27 07:00:00,Block A (Admin),electricity_kwh,138.47
2026-09-27 07:00:00,Block B (Library),electricity_kwh,137.24
2026-09-27 07:00:00,Block C (Engineering),electricity_kwh,126.19
2026-09-27 07:00:00,Hostel Zone,electricity_kwh,105.68
2026-09-27 08:00:00,Block A (Admin),electricity_kwh,117.94
2026-09-27 08:00:00,Block B (Library),electricity_kwh,133.83
2026-09-27 08:00:00,Block C (Engineering),electricity_kwh,135.17
2026-09-27 08:00:00,Hostel Zone,electricity_kwh,117.17
2026-09-27 09:00:00,Block A (Admin),electricity_kwh,138.8
2026-09-27 09:00:00,Block B (Library),electricity_kwh,115.81
2026-09-27 09:00:00,Block C (Engineering),electricity_kwh,125.54
2026-09-27 09:00:00,Hostel Zone,electricity_kwh,102.35
2026-09-27 10:00:00,Block A (Admin),electricity_kwh,120.1
2026-09-27 10:00:00,Block B (Library),electricity_kwh,128.46
2026-09-27 10:00:00,Block C (Engineering),electricity_kwh,103.22
2026-09-27 10:00:00,Hostel Zone,electricity_kwh,150.48
2026-09-27 11:00:00,Block A (Admin),electricity_kwh,135.79
2026-09-27 11:00:00,Block B (Library),electricity_kwh,118.04
2026-09-27 11:00:00,Block C (Engineering),electricity_kwh,99.27
2026-09-27 11:00:00,Hostel Zone,electricity_kwh,87.65
2026-09-27 12:00:00,Block A (Admin),electricity_kwh,97.56
2026-09-27 12:00:00,Block B (Library),electricity_kwh,121.1
2026-09-27 12:00:00,Block C (Engineering),electricity_kwh,130.45
2026-09-27 12:00:00,Hostel Zone,electricity_kwh,118.9
2026-09-27 13:00:00,Block A (Admin),electricity_kwh,105.33
2026-09-27 13:00:00,Block B (Library),electricity_kwh,124.62
2026-09-27 13:00:00,Block C (Engineering),electricity_kwh,135.75
2026-09-27 13:00:00,Hostel Zone,electricity_kwh,130.36
2026-09-27 14:00:00,Block A (Admin),electricity_kwh,106.02
2026-09-27 14:00:00,Block B (Library),electricity_kwh,119.56
2026-09-27 14:00:00,Block C (Engineering),electricity_kwh,135.68
2026-09-27 14:00:00,Hostel Zone,electricity_kwh,135.25
2026-09-27 15:00:00,Block A (Admin),electricity_kwh,50.63
2026-09-27 15:00:00,Block B (Library),electricity_kwh,48.58
2026-09-27 15:00:00,Block C (Engineering),electricity_kwh,42.79
2026-09-27 15:00:00,Hostel Zone,electricity_kwh,43.3
2026-09-27 16:00:00,Block A (Admin),electricity_kwh,50.04
2026-09-27 16:00:00,Block B (Library),electricity_kwh,62.89
2026-09-27 16:00:00,Block C (Engineering),electricity_kwh,53.0
2026-09-27 16:00:00,Hostel Zone,electricity_kwh,47.94
2026-09-27 17:00:00,Block A (Admin),electricity_kwh,59.14
2026-09-27 17:00:00,Block B (Library),electricity_kwh,53.37
2026-09-27 17:00:00,Block C (Engineering),electricity_kwh,46.18
2026-09-27 17:00:00,Hostel Zone,electricity_kwh,52.4
2026-09-27 18:00:00,Block A (Admin),electricity_kwh,44.67
2026-09-27 18:00:00,Block B (Library),electricity_kwh,50.25
2026-09-27 18:00:00,Block C (Engineering),electricity_kwh,46.85
2026-09-27 18:00:00,Hostel Zone,electricity_kwh,36.56
2026-09-27 19:00:00,Block A (Admin),electricity_kwh,45.68
2026-09-27 19:00:00,Block B (Library),electricity_kwh,50.61
2026-09-27 19:00:00,Block C (Engineering),electricity_kwh,54.36
2026-09-27 19:00:00,Hostel Zone,electricity_kwh,49.58
2026-09-27 20:00:00,Block A (Admin),electricity_kwh,52.25
2026-09-27 20:00:00,Block B (Library),electricity_kwh,48.0
2026-09-27 20:00:00,Block C (Engineering),electricity_kwh,62.48
2026-09-27 20:00:00,Hostel Zone,electricity_kwh,44.65
2026-09-27 21:00:00,Block A (Admin),electricity_kwh,55.72
2026-09-27 21:00:00,Block B (Library),electricity_kwh,52.37
2026-09-27 21:00:00,Block C (Engineering),electricity_kwh,45.35
2026-09-27 21:00:00,Hostel Zone,electricity_kwh,51.33
2026-09-27 22:00:00,Block A (Admin),electricity_kwh,47.34
2026-09-27 22:00:00,Block B (Library),electricity_kwh,49.03
2026-09-27 22:00:00,Block C (Engineering),electricity_kwh,46.83
2026-09-27 22:00:00,Hostel Zone,electricity_kwh,50.43
2026-09-27 23:00:00,Block A (Admin),electricity_kwh,55.53
2026-09-27 23:00:00,Block B (Library),electricity_kwh,46.29
2026-09-27 23:00:00,Block C (Engineering),electricity_kwh,46.73
2026-09-27 23:00:00,Hostel Zone,electricity_kwh,52.77
2026-09-28 00:00:00,Block A (Admin),electricity_kwh,54.89
2026-09-28 00:00:00,Block B (Library),electricity_kwh,48.75
2026-09-28 00:00:00,Block C (Engineering),electricity_kwh,49.48
2026-09-28 00:00:00,Hostel Zone,electricity_kwh,56.27
2026-09-28 01:00:00,Block A (Admin),electricity_kwh,53.26
2026-09-28 01:00:00,Block B (Library),electricity_kwh,47.62
2026-09-28 01:00:00,Block C (Engineering),electricity_kwh,54.18
2026-09-28 01:00:00,Hostel Zone,electricity_kwh,49.68
2026-09-28 02:00:00,Block A (Admin),electricity_kwh,49.02
2026-09-28 02:00:00,Block B (Library),electricity_kwh,56.27
2026-09-28 02:00:00,Block C (Engineering),electricity_kwh,47.33
2026-09-28 02:00:00,Hostel Zone,electricity_kwh,43.69
2026-09-28 03:00:00,Block A (Admin),electricity_kwh,44.06
2026-09-28 03:00:00,Block B (Library),electricity_kwh,50.63
2026-09-28 03:00:00,Block C (Engineering),electricity_kwh,60.31
2026-09-28 03:00:00,Hostel Zone,electricity_kwh,48.66
2026-09-28 04:00:00,Block A (Admin),electricity_kwh,156.21
2026-09-28 04:00:00,Block B (Library),electricity_kwh,136.75
2026-09-28 04:00:00,Block C (Engineering),electricity_kwh,123.05
2026-09-28 04:00:00,Hostel Zone,electricity_kwh,121.98
2026-09-28 05:00:00,Block A (Admin),electricity_kwh,118.96
2026-09-28 05:00:00,Block B (Library),electricity_kwh,123.29
2026-09-28 05:00:00,Block C (Engineering),electricity_kwh,117.43
2026-09-28 05:00:00,Hostel Zone,electricity_kwh,94.85
2026-09-28 06:00:00,Block A (Admin),electricity_kwh,120.06
2026-09-28 06:00:00,Block B (Library),electricity_kwh,125.21
2026-09-28 06:00:00,Block C (Engineering),electricity_kwh,126.25
2026-09-28 06:00:00,Hostel Zone,electricity_kwh,129.16
2026-09-28 07:00:00,Block A (Admin),electricity_kwh,133.01
2026-09-28 07:00:00,Block B (Library),electricity_kwh,107.11
2026-09-28 07:00:00,Block C (Engineering),electricity_kwh,139.59
2026-09-28 07:00:00,Hostel Zone,electricity_kwh,132.75
2026-09-28 08:00:00,Block A (Admin),electricity_kwh,107.88
2026-09-28 08:00:00,Block B (Library),electricity_kwh,114.46
2026-09-28 08:00:00,Block C (Engineering),electricity_kwh,137.16
2026-09-28 08:00:00,Hostel Zone,electricity_kwh,116.78
2026-09-28 09:00:00,Block A (Admin),electricity_kwh,127.26
2026-09-28 09:00:00,Block B (Library),electricity_kwh,120.6
2026-09-28 09:00:00,Block C (Engineering),electricity_kwh,156.51
2026-09-28 09:00:00,Hostel Zone,electricity_kwh,116.63
2026-09-28 10:00:00,Block A (Admin),electricity_kwh,142.07
2026-09-28 10:00:00,Block B (Library),electricity_kwh,115.73
2026-09-28 10:00:00,Block C (Engineering),electricity_kwh,127.23
2026-09-28 10:00:00,Hostel Zone,electricity_kwh,139.19
2026-09-28 11:00:00,Block A (Admin),electricity_kwh,101.22
2026-09-28 11:00:00,Block B (Library),electricity_kwh,117.12
2026-09-28 11:00:00,Block C (Engineering),electricity_kwh,150.9
2026-09-28 11:00:00,Hostel Zone,electricity_kwh,128.26
2026-09-28 12:00:00,Block A (Admin),electricity_kwh,129.03
2026-09-28 12:00:00,Block B (Library),electricity_kwh,123.7
2026-09-28 12:00:00,Block C (Engineering),electricity_kwh,139.4
2026-09-28 12:00:00,Hostel Zone,electricity_kwh,120.09
2026-09-28 13:00:00,Block A (Admin),electricity_kwh,106.18
2026-09-28 13:00:00,Block B (Library),electricity_kwh,111.84
2026-09-28 13:00:00,Block C (Engineering),electricity_kwh,138.54
2026-09-28 13:00:00,Hostel Zone,electricity_kwh,132.81
2026-09-28 14:00:00,Block A (Admin),electricity_kwh,117.65
2026-09-28 14:00:00,Block B (Library),electricity_kwh,135.81
2026-09-28 14:00:00,Block C (Engineering),electricity_kwh,97.89
2026-09-28 14:00:00,Hostel Zone,electricity_kwh,123.62
2026-09-28 15:00:00,Block A (Admin),electricity_kwh,52.4
2026-09-28 15:00:00,Block B (Library),electricity_kwh,60.99
2026-09-28 15:00:00,Block C (Engineering),electricity_kwh,46.13
2026-09-28 15:00:00,Hostel Zone,electricity_kwh,48.21
2026-09-28 16:00:00,Block A (Admin),electricity_kwh,47.24
2026-09-28 16:00:00,Block B (Library),electricity_kwh,44.4
2026-09-28 16:00:00,Block C (Engineering),electricity_kwh,44.69
2026-09-28 16:00:00,Hostel Zone,electricity_kwh,40.11
2026-09-28 17:00:00,Block A (Admin),electricity_kwh,55.49
2026-09-28 17:00:00,Block B (Library),electricity_kwh,52.11
2026-09-28 17:00:00,Block C (Engineering),electricity_kwh,50.26
2026-09-28 17:00:00,Hostel Zone,electricity_kwh,43.49
2026-09-28 18:00:00,Block A (Admin),electricity_kwh,48.93
2026-09-28 18:00:00,Block B (Library),electricity_kwh,53.75
2026-09-28 18:00:00,Block C (Engineering),electricity_kwh,44.52
2026-09-28 18:00:00,Hostel Zone,electricity_kwh,52.22
2026-09-28 19:00:00,Block A (Admin),electricity_kwh,50.89
2026-09-28 19:00:00,Block B (Library),electricity_kwh,52.86
2026-09-28 19:00:00,Block C (Engineering),electricity_kwh,52.45
2026-09-28 19:00:00,Hostel Zone,electricity_kwh,45.62
2026-09-28 20:00:00,Block A (Admin),electricity_kwh,48.4
2026-09-28 20:00:00,Block B (Library),electricity_kwh,52.76
2026-09-28 20:00:00,Block C (Engineering),electricity_kwh,49.94
2026-09-28 20:00:00,Hostel Zone,electricity_kwh,47.38
2026-09-28 21:00:00,Block A (Admin),electricity_kwh,49.69
2026-09-28 21:00:00,Block B (Library),electricity_kwh,46.74
2026-09-28 21:00:00,Block C (Engineering),electricity_kwh,52.94
2026-09-28 21:00:00,Hostel Zone,electricity_kwh,52.66
2026-09-28 22:00:00,Block A (Admin),electricity_kwh,53.34
2026-09-28 22:00:00,Block B (Library),electricity_kwh,45.37
2026-09-28 22:00:00,Block C (Engineering),electricity_kwh,52.73
2026-09-28 22:00:00,Hostel Zone,electricity_kwh,54.59
2026-09-28 23:00:00,Block A (Admin),electricity_kwh,58.83
2026-09-28 23:00:00,Block B (Library),electricity_kwh,47.35
2026-09-28 23:00:00,Block C (Engineering),electricity_kwh,52.66
2026-09-28 23:00:00,Hostel Zone,electricity_kwh,49.38
2026-09-29 00:00:00,Block A (Admin),electricity_kwh,52.16
2026-09-29 00:00:00,Block B (Library),electricity_kwh,52.01
2026-09-29 00:00:00,Block C (Engineering),electricity_kwh,56.17
2026-09-29 00:00:00,Hostel Zone,electricity_kwh,44.41
2026-09-29 01:00:00,Block A (Admin),electricity_kwh,56.88
2026-09-29 01:00:00,Block B (Library),electricity_kwh,53.76
2026-09-29 01:00:00,Block C (Engineering),electricity_kwh,53.0
2026-09-29 01:00:00,Hostel Zone,electricity_kwh,46.59
2026-09-29 02:00:00,Block A (Admin),electricity_kwh,54.19
2026-09-29 02:00:00,Block B (Library),electricity_kwh,54.76
2026-09-29 02:00:00,Block C (Engineering),electricity_kwh,44.23
2026-09-29 02:00:00,Hostel Zone,electricity_kwh,45.27
2026-09-29 03:00:00,Block A (Admin),electricity_kwh,52.82
2026-09-29 03:00:00,Block B (Library),electricity_kwh,45.85
2026-09-29 03:00:00,Block C (Engineering),electricity_kwh,46.72
2026-09-29 03:00:00,Hostel Zone,electricity_kwh,47.96
2026-09-29 04:00:00,Block A (Admin),electricity_kwh,135.28
2026-09-29 04:00:00,Block B (Library),electricity_kwh,130.66
2026-09-29 04:00:00,Block C (Engineering),electricity_kwh,150.19
2026-09-29 04:00:00,Hostel Zone,electricity_kwh,108.9
2026-09-29 05:00:00,Block A (Admin),electricity_kwh,123.83
2026-09-29 05:00:00,Block B (Library),electricity_kwh,108.05
2026-09-29 05:00:00,Block C (Engineering),electricity_kwh,141.94
2026-09-29 05:00:00,Hostel Zone,electricity_kwh,122.14
2026-09-29 06:00:00,Block A (Admin),electricity_kwh,128.08
2026-09-29 06:00:00,Block B (Library),electricity_kwh,129.07
2026-09-29 06:00:00,Block C (Engineering),electricity_kwh,128.51
2026-09-29 06:00:00,Hostel Zone,electricity_kwh,131.37
2026-09-29 07:00:00,Block A (Admin),electricity_kwh,134.58
2026-09-29 07:00:00,Block B (Library),electricity_kwh,121.05
2026-09-29 07:00:00,Block C (Engineering),electricity_kwh,119.6
2026-09-29 07:00:00,Hostel Zone,electricity_kwh,123.46
2026-09-29 08:00:00,Block A (Admin),electricity_kwh,135.58
2026-09-29 08:00:00,Block B (Library),electricity_kwh,119.11
2026-09-29 08:00:00,Block C (Engineering),electricity_kwh,121.97
2026-09-29 08:00:00,Hostel Zone,electricity_kwh,92.9
2026-09-29 09:00:00,Block A (Admin),electricity_kwh,100.23
2026-09-29 09:00:00,Block B (Library),electricity_kwh,143.48
2026-09-29 09:00:00,Block C (Engineering),electricity_kwh,127.04
2026-09-29 09:00:00,Hostel Zone,electricity_kwh,127.18
2026-09-29 10:00:00,Block A (Admin),electricity_kwh,141.3
2026-09-29 10:00:00,Block B (Library),electricity_kwh,147.36
2026-09-29 10:00:00,Block C (Engineering),electricity_kwh,142.94
2026-09-29 10:00:00,Hostel Zone,electricity_kwh,131.57
2026-09-29 11:00:00,Block A (Admin),electricity_kwh,111.16
2026-09-29 11:00:00,Block B (Library),electricity_kwh,112.34
2026-09-29 11:00:00,Block C (Engineering),electricity_kwh,128.94
2026-09-29 11:00:00,Hostel Zone,electricity_kwh,106.69
2026-09-29 12:00:00,Block A (Admin),electricity_kwh,136.6
2026-09-29 12:00:00,Block B (Library),electricity_kwh,136.35
2026-09-29 12:00:00,Block C (Engineering),electricity_kwh,132.42
2026-09-29 12:00:00,Hostel Zone,electricity_kwh,112.35
2026-09-29 13:00:00,Block A (Admin),electricity_kwh,122.79
2026-09-29 13:00:00,Block B (Library),electricity_kwh,129.36
2026-09-29 13:00:00,Block C (Engineering),electricity_kwh,119.23
2026-09-29 13:00:00,Hostel Zone,electricity_kwh,129.27
2026-09-29 14:00:00,Block A (Admin),electricity_kwh,127.41
2026-09-29 14:00:00,Block B (Library),electricity_kwh,123.49
2026-09-29 14:00:00,Block C (Engineering),electricity_kwh,125.66
2026-09-29 14:00:00,Hostel Zone,electricity_kwh,110.99
2026-09-29 15:00:00,Block A (Admin),electricity_kwh,43.1
2026-09-29 15:00:00,Block B (Library),electricity_kwh,51.7
2026-09-29 15:00:00,Block C (Engineering),electricity_kwh,44.98
2026-09-29 15:00:00,Hostel Zone,electricity_kwh,41.44
2026-09-29 16:00:00,Block A (Admin),electricity_kwh,41.95
2026-09-29 16:00:00,Block B (Library),electricity_kwh,58.55
2026-09-29 16:00:00,Block C (Engineering),electricity_kwh,59.24
2026-09-29 16:00:00,Hostel Zone,electricity_kwh,53.54
2026-09-29 17:00:00,Block A (Admin),electricity_kwh,47.98
2026-09-29 17:00:00,Block B (Library),electricity_kwh,48.04
2026-09-29 17:00:00,Block C (Engineering),electricity_kwh,57.45
2026-09-29 17:00:00,Hostel Zone,electricity_kwh,54.14
2026-09-29 18:00:00,Block A (Admin),electricity_kwh,55.0
2026-09-29 18:00:00,Block B (Library),electricity_kwh,44.32
2026-09-29 18:00:00,Block C (Engineering),electricity_kwh,52.8
2026-09-29 18:00:00,Hostel Zone,electricity_kwh,51.26
2026-09-29 19:00:00,Block A (Admin),electricity_kwh,51.77
2026-09-29 19:00:00,Block B (Library),electricity_kwh,47.08
2026-09-29 19:00:00,Block C (Engineering),electricity_kwh,58.91
2026-09-29 19:00:00,Hostel Zone,electricity_kwh,52.41
2026-09-29 20:00:00,Block A (Admin),electricity_kwh,52.51
2026-09-29 20:00:00,Block B (Library),electricity_kwh,58.6
2026-09-29 20:00:00,Block C (Engineering),electricity_kwh,53.72
2026-09-29 20:00:00,Hostel Zone,electricity_kwh,51.42
2026-09-29 21:00:00,Block A (Admin),electricity_kwh,50.12
2026-09-29 21:00:00,Block B (Library),electricity_kwh,46.08
2026-09-29 21:00:00,Block C (Engineering),electricity_kwh,47.19
2026-09-29 21:00:00,Hostel Zone,electricity_kwh,49.72
2026-09-29 22:00:00,Block A (Admin),electricity_kwh,57.8
2026-09-29 22:00:00,Block B (Library),electricity_kwh,48.26
2026-09-29 22:00:00,Block C (Engineering),electricity_kwh,54.55
2026-09-29 22:00:00,Hostel Zone,electricity_kwh,58.2
2026-09-29 23:00:00,Block A (Admin),electricity_kwh,51.78
2026-09-29 23:00:00,Block B (Library),electricity_kwh,53.15
2026-09-29 23:00:00,Block C (Engineering),electricity_kwh,54.56
2026-09-29 23:00:00,Hostel Zone,electricity_kwh,50.75
2026-09-30 00:00:00,Block A (Admin),electricity_kwh,46.33
2026-09-30 00:00:00,Block B (Library),electricity_kwh,45.3
2026-09-30 00:00:00,Block C (Engineering),electricity_kwh,55.57
2026-09-30 00:00:00,Hostel Zone,electricity_kwh,52.16
2026-09-30 01:00:00,Block A (Admin),electricity_kwh,40.42
2026-09-30 01:00:00,Block B (Library),electricity_kwh,54.17
2026-09-30 01:00:00,Block C (Engineering),electricity_kwh,47.45
2026-09-30 01:00:00,Hostel Zone,electricity_kwh,53.46
2026-09-30 02:00:00,Block A (Admin),electricity_kwh,49.35
2026-09-30 02:00:00,Block B (Library),electricity_kwh,51.51
2026-09-30 02:00:00,Block C (Engineering),electricity_kwh,53.42
2026-09-30 02:00:00,Hostel Zone,electricity_kwh,51.07
2026-09-30 03:00:00,Block A (Admin),electricity_kwh,54.96
2026-09-30 03:00:00,Block B (Library),electricity_kwh,48.14
2026-09-30 03:00:00,Block C (Engineering),electricity_kwh,47.7
2026-09-30 03:00:00,Hostel Zone,electricity_kwh,58.49
2026-09-30 04:00:00,Block A (Admin),electricity_kwh,139.61
2026-09-30 04:00:00,Block B (Library),electricity_kwh,125.44
2026-09-30 04:00:00,Block C (Engineering),electricity_kwh,129.3
2026-09-30 04:00:00,Hostel Zone,electricity_kwh,140.67
2026-09-30 05:00:00,Block A (Admin),electricity_kwh,135.3
2026-09-30 05:00:00,Block B (Library),electricity_kwh,122.61
2026-09-30 05:00:00,Block C (Engineering),electricity_kwh,140.4
2026-09-30 05:00:00,Hostel Zone,electricity_kwh,121.05
2026-09-30 06:00:00,Block A (Admin),electricity_kwh,142.71
2026-09-30 06:00:00,Block B (Library),electricity_kwh,135.37
2026-09-30 06:00:00,Block C (Engineering),electricity_kwh,129.43
2026-09-30 06:00:00,Hostel Zone,electricity_kwh,125.01
2026-09-30 07:00:00,Block A (Admin),electricity_kwh,121.23
2026-09-30 07:00:00,Block B (Library),electricity_kwh,143.04
2026-09-30 07:00:00,Block C (Engineering),electricity_kwh,122.09
2026-09-30 07:00:00,Hostel Zone,electricity_kwh,121.81
2026-09-30 08:00:00,Block A (Admin),electricity_kwh,123.17
2026-09-30 08:00:00,Block B (Library),electricity_kwh,138.37
2026-09-30 08:00:00,Block C (Engineering),electricity_kwh,119.38
2026-09-30 08:00:00,Hostel Zone,electricity_kwh,128.35
2026-09-30 09:00:00,Block A (Admin),electricity_kwh,138.6
2026-09-30 09:00:00,Block B (Library),electricity_kwh,134.61
2026-09-30 09:00:00,Block C (Engineering),electricity_kwh,143.58
2026-09-30 09:00:00,Hostel Zone,electricity_kwh,134.91
2026-09-30 10:00:00,Block A (Admin),electricity_kwh,143.68
2026-09-30 10:00:00,Block B (Library),electricity_kwh,130.13
2026-09-30 10:00:00,Block C (Engineering),electricity_kwh,104.62
2026-09-30 10:00:00,Hostel Zone,electricity_kwh,127.76
2026-09-30 11:00:00,Block A (Admin),electricity_kwh,129.2
2026-09-30 11:00:00,Block B (Library),electricity_kwh,143.65
2026-09-30 11:00:00,Block C (Engineering),electricity_kwh,124.22
2026-09-30 11:00:00,Hostel Zone,electricity_kwh,141.58
2026-09-30 12:00:00,Block A (Admin),electricity_kwh,107.25
2026-09-30 12:00:00,Block B (Library),electricity_kwh,136.46
2026-09-30 12:00:00,Block C (Engineering),electricity_kwh,128.29
2026-09-30 12:00:00,Hostel Zone,electricity_kwh,103.96
2026-09-30 13:00:00,Block A (Admin),electricity_kwh,132.5
2026-09-30 13:00:00,Block B (Library),electricity_kwh,123.11
2026-09-30 13:00:00,Block C (Engineering),electricity_kwh,124.89
2026-09-30 13:00:00,Hostel Zone,electricity_kwh,120.67
2026-09-30 14:00:00,Block A (Admin),electricity_kwh,116.97
2026-09-30 14:00:00,Block B (Library),electricity_kwh,132.83
2026-09-30 14:00:00,Block C (Engineering),electricity_kwh,142.74
2026-09-30 14:00:00,Hostel Zone,electricity_kwh,134.41
2026-09-30 15:00:00,Block A (Admin),electricity_kwh,46.67
2026-09-30 15:00:00,Block B (Library),electricity_kwh,55.2
2026-09-30 15:00:00,Block C (Engineering),electricity_kwh,48.34
2026-09-30 15:00:00,Hostel Zone,electricity_kwh,53.5
2026-09-30 16:00:00,Block A (Admin),electricity_kwh,56.97
2026-09-30 16:00:00,Block B (Library),electricity_kwh,54.95
2026-09-30 16:00:00,Block C (Engineering),electricity_kwh,49.17
2026-09-30 16:00:00,Hostel Zone,electricity_kwh,46.03
2026-09-30 17:00:00,Block A (Admin),electricity_kwh,48.39
2026-09-30 17:00:00,Block B (Library),electricity_kwh,51.99
2026-09-30 17:00:00,Block C (Engineering),electricity_kwh,52.04
2026-09-30 17:00:00,Hostel Zone,electricity_kwh,53.36
2026-09-30 18:00:00,Block A (Admin),electricity_kwh,43.47
2026-09-30 18:00:00,Block B (Library),electricity_kwh,48.46
2026-09-30 18:00:00,Block C (Engineering),electricity_kwh,51.21
2026-09-30 18:00:00,Hostel Zone,electricity_kwh,55.23
2026-09-30 19:00:00,Block A (Admin),electricity_kwh,51.85
2026-09-30 19:00:00,Block B (Library),electricity_kwh,47.98
2026-09-30 19:00:00,Block C (Engineering),electricity_kwh,54.59
2026-09-30 19:00:00,Hostel Zone,electricity_kwh,51.02
2026-09-30 20:00:00,Block A (Admin),electricity_kwh,51.41
2026-09-30 20:00:00,Block B (Library),electricity_kwh,45.76
2026-09-30 20:00:00,Block C (Engineering),electricity_kwh,47.32
2026-09-30 20:00:00,Hostel Zone,electricity_kwh,61.28
2026-09-30 21:00:00,Block A (Admin),electricity_kwh,51.93
2026-09-30 21:00:00,Block B (Library),electricity_kwh,51.51
2026-09-30 21:00:00,Block C (Engineering),electricity_kwh,51.09
2026-09-30 21:00:00,Hostel Zone,electricity_kwh,48.48
2026-09-30 22:00:00,Block A (Admin),electricity_kwh,48.55
2026-09-30 22:00:00,Block B (Library),electricity_kwh,49.24
2026-09-30 22:00:00,Block C (Engineering),electricity_kwh,58.83
2026-09-30 22:00:00,Hostel Zone,electricity_kwh,46.48
2026-09-30 23:00:00,Block A (Admin),electricity_kwh,54.59
2026-09-30 23:00:00,Block B (Library),electricity_kwh,54.18
2026-09-30 23:00:00,Block C (Engineering),electricity_kwh,49.29
2026-09-30 23:00:00,Hostel Zone,electricity_kwh,50.62
2026-10-01 00:00:00,Block A (Admin),electricity_kwh,48.16
2026-10-01 00:00:00,Block B (Library),electricity_kwh,53.87
2026-10-01 00:00:00,Block C (Engineering),electricity_kwh,55.15
2026-10-01 00:00:00,Hostel Zone,electricity_kwh,47.46
2026-10-01 01:00:00,Block A (Admin),electricity_kwh,46.09
2026-10-01 01:00:00,Block B (Library),electricity_kwh,53.07
2026-10-01 01:00:00,Block C (Engineering),electricity_kwh,46.71
2026-10-01 01:00:00,Hostel Zone,electricity_kwh,41.69
2026-10-01 02:00:00,Block A (Admin),electricity_kwh,46.93
2026-10-01 02:00:00,Block B (Library),electricity_kwh,40.83
2026-10-01 02:00:00,Block C (Engineering),electricity_kwh,59.87
2026-10-01 02:00:00,Hostel Zone,electricity_kwh,38.94
2026-10-01 03:00:00,Block A (Admin),electricity_kwh,43.9
2026-10-01 03:00:00,Block B (Library),electricity_kwh,50.88
2026-10-01 03:00:00,Block C (Engineering),electricity_kwh,55.96
2026-10-01 03:00:00,Hostel Zone,electricity_kwh,49.74
2026-10-01 04:00:00,Block A (Admin),electricity_kwh,134.73
2026-10-01 04:00:00,Block B (Library),electricity_kwh,116.06
2026-10-01 04:00:00,Block C (Engineering),electricity_kwh,108.21
2026-10-01 04:00:00,Hostel Zone,electricity_kwh,120.29
2026-10-01 05:00:00,Block A (Admin),electricity_kwh,113.11
2026-10-01 05:00:00,Block B (Library),electricity_kwh,108.34
2026-10-01 05:00:00,Block C (Engineering),electricity_kwh,138.48
2026-10-01 05:00:00,Hostel Zone,electricity_kwh,128.7
2026-10-01 06:00:00,Block A (Admin),electricity_kwh,128.51
2026-10-01 06:00:00,Block B (Library),electricity_kwh,117.6
2026-10-01 06:00:00,Block C (Engineering),electricity_kwh,122.32
2026-10-01 06:00:00,Hostel Zone,electricity_kwh,124.84
2026-10-01 07:00:00,Block A (Admin),electricity_kwh,129.45
2026-10-01 07:00:00,Block B (Library),electricity_kwh,134.86
2026-10-01 07:00:00,Block C (Engineering),electricity_kwh,124.62
2026-10-01 07:00:00,Hostel Zone,electricity_kwh,131.3
2026-10-01 08:00:00,Block A (Admin),electricity_kwh,133.58
2026-10-01 08:00:00,Block B (Library),electricity_kwh,125.11
2026-10-01 08:00:00,Block C (Engineering),electricity_kwh,135.03
2026-10-01 08:00:00,Hostel Zone,electricity_kwh,133.66
2026-10-01 09:00:00,Block A (Admin),electricity_kwh,131.33
2026-10-01 09:00:00,Block B (Library),electricity_kwh,117.39
2026-10-01 09:00:00,Block C (Engineering),electricity_kwh,119.75
2026-10-01 09:00:00,Hostel Zone,electricity_kwh,125.82
2026-10-01 10:00:00,Block A (Admin),electricity_kwh,105.23
2026-10-01 10:00:00,Block B (Library),electricity_kwh,129.1
2026-10-01 10:00:00,Block C (Engineering),electricity_kwh,117.61
2026-10-01 10:00:00,Hostel Zone,electricity_kwh,127.09
2026-10-01 11:00:00,Block A (Admin),electricity_kwh,159.57
2026-10-01 11:00:00,Block B (Library),electricity_kwh,129.9
2026-10-01 11:00:00,Block C (Engineering),electricity_kwh,149.4
2026-10-01 11:00:00,Hostel Zone,electricity_kwh,139.16
2026-10-01 12:00:00,Block A (Admin),electricity_kwh,145.89
2026-10-01 12:00:00,Block B (Library),electricity_kwh,137.03
2026-10-01 12:00:00,Block C (Engineering),electricity_kwh,129.91
2026-10-01 12:00:00,Hostel Zone,electricity_kwh,128.19
2026-10-01 13:00:00,Block A (Admin),electricity_kwh,122.76
2026-10-01 13:00:00,Block B (Library),electricity_kwh,126.89
2026-10-01 13:00:00,Block C (Engineering),electricity_kwh,107.1
2026-10-01 13:00:00,Hostel Zone,electricity_kwh,116.64
2026-10-01 14:00:00,Block A (Admin),electricity_kwh,95.16
2026-10-01 14:00:00,Block B (Library),electricity_kwh,120.84
2026-10-01 14:00:00,Block C (Engineering),electricity_kwh,120.57
2026-10-01 14:00:00,Hostel Zone,electricity_kwh,115.61
2026-10-01 15:00:00,Block A (Admin),electricity_kwh,52.57
2026-10-01 15:00:00,Block B (Library),electricity_kwh,44.65
2026-10-01 15:00:00,Block C (Engineering),electricity_kwh,59.21
2026-10-01 15:00:00,Hostel Zone,electricity_kwh,47.93
2026-10-01 16:00:00,Block A (Admin),electricity_kwh,49.41
2026-10-01 16:00:00,Block B (Library),electricity_kwh,50.73
2026-10-01 16:00:00,Block C (Engineering),electricity_kwh,48.21
2026-10-01 16:00:00,Hostel Zone,electricity_kwh,53.21
2026-10-01 17:00:00,Block A (Admin),electricity_kwh,45.34
2026-10-01 17:00:00,Block B (Library),electricity_kwh,57.44
2026-10-01 17:00:00,Block C (Engineering),electricity_kwh,50.06
2026-10-01 17:00:00,Hostel Zone,electricity_kwh,54.35
2026-10-01 18:00:00,Block A (Admin),electricity_kwh,45.1
2026-10-01 18:00:00,Block B (Library),electricity_kwh,57.16
2026-10-01 18:00:00,Block C (Engineering),electricity_kwh,52.58
2026-10-01 18:00:00,Hostel Zone,electricity_kwh,49.38
2026-10-01 19:00:00,Block A (Admin),electricity_kwh,46.45
2026-10-01 19:00:00,Block B (Library),electricity_kwh,48.89
2026-10-01 19:00:00,Block C (Engineering),electricity_kwh,47.0
2026-10-01 19:00:00,Hostel Zone,electricity_kwh,42.31
2026-10-01 20:00:00,Block A (Admin),electricity_kwh,47.38
2026-10-01 20:00:00,Block B (Library),electricity_kwh,52.54
2026-10-01 20:00:00,Block C (Engineering),electricity_kwh,47.62
2026-10-01 20:00:00,Hostel Zone,electricity_kwh,44.67
2026-10-01 21:00:00,Block A (Admin),electricity_kwh,51.92
2026-10-01 21:00:00,Block B (Library),electricity_kwh,45.38
2026-10-01 21:00:00,Block C (Engineering),electricity_kwh,48.15
2026-10-01 21:00:00,Hostel Zone,electricity_kwh,51.42
2026-10-01 22:00:00,Block A (Admin),electricity_kwh,45.15
2026-10-01 22:00:00,Block B (Library),electricity_kwh,46.34
2026-10-01 22:00:00,Block C (Engineering),electricity_kwh,51.58
2026-10-01 22:00:00,Hostel Zone,electricity_kwh,51.35
2026-10-01 23:00:00,Block A (Admin),electricity_kwh,47.14
2026-10-01 23:00:00,Block B (Library),electricity_kwh,46.05
2026-10-01 23:00:00,Block C (Engineering),electricity_kwh,56.67
2026-10-01 23:00:00,Hostel Zone,electricity_kwh,50.78
2026-10-02 00:00:00,Block A (Admin),electricity_kwh,54.92
2026-10-02 00:00:00,Block B (Library),electricity_kwh,55.77
2026-10-02 00:00:00,Block C (Engineering),electricity_kwh,61.13
2026-10-02 00:00:00,Hostel Zone,electricity_kwh,50.79
2026-10-02 01:00:00,Block A (Admin),electricity_kwh,48.94
2026-10-02 01:00:00,Block B (Library),electricity_kwh,47.04
2026-10-02 01:00:00,Block C (Engineering),electricity_kwh,57.53
2026-10-02 01:00:00,Hostel Zone,electricity_kwh,47.2
2026-10-02 02:00:00,Block A (Admin),electricity_kwh,58.96
2026-10-02 02:00:00,Block B (Library),electricity_kwh,56.96
2026-10-02 02:00:00,Block C (Engineering),electricity_kwh,52.44
2026-10-02 02:00:00,Hostel Zone,electricity_kwh,58.53
2026-10-02 03:00:00,Block A (Admin),electricity_kwh,42.84
2026-10-02 03:00:00,Block B (Library),electricity_kwh,55.7
2026-10-02 03:00:00,Block C (Engineering),electricity_kwh,61.22
2026-10-02 03:00:00,Hostel Zone,electricity_kwh,48.38
2026-10-02 04:00:00,Block A (Admin),electricity_kwh,127.11
2026-10-02 04:00:00,Block B (Library),electricity_kwh,149.02
2026-10-02 04:00:00,Block C (Engineering),electricity_kwh,121.25
2026-10-02 04:00:00,Hostel Zone,electricity_kwh,126.02
2026-10-02 05:00:00,Block A (Admin),electricity_kwh,118.37
2026-10-02 05:00:00,Block B (Library),electricity_kwh,118.87
2026-10-02 05:00:00,Block C (Engineering),electricity_kwh,126.53
2026-10-02 05:00:00,Hostel Zone,electricity_kwh,131.7
2026-10-02 06:00:00,Block A (Admin),electricity_kwh,105.38
2026-10-02 06:00:00,Block B (Library),electricity_kwh,130.07
2026-10-02 06:00:00,Block C (Engineering),electricity_kwh,115.03
2026-10-02 06:00:00,Hostel Zone,electricity_kwh,141.48
2026-10-02 07:00:00,Block A (Admin),electricity_kwh,127.2
2026-10-02 07:00:00,Block B (Library),electricity_kwh,132.59
2026-10-02 07:00:00,Block C (Engineering),electricity_kwh,107.78
2026-10-02 07:00:00,Hostel Zone,electricity_kwh,120.55
2026-10-02 08:00:00,Block A (Admin),electricity_kwh,130.61
2026-10-02 08:00:00,Block B (Library),electricity_kwh,160.77
2026-10-02 08:00:00,Block C (Engineering),electricity_kwh,128.11
2026-10-02 08:00:00,Hostel Zone,electricity_kwh,128.61
2026-10-02 09:00:00,Block A (Admin),electricity_kwh,125.33
2026-10-02 09:00:00,Block B (Library),electricity_kwh,111.07
2026-10-02 09:00:00,Block C (Engineering),electricity_kwh,118.55
2026-10-02 09:00:00,Hostel Zone,electricity_kwh,123.15
2026-10-02 10:00:00,Block A (Admin),electricity_kwh,133.45
2026-10-02 10:00:00,Block B (Library),electricity_kwh,122.17
2026-10-02 10:00:00,Block C (Engineering),electricity_kwh,122.03
2026-10-02 10:00:00,Hostel Zone,electricity_kwh,112.98
2026-10-02 11:00:00,Block A (Admin),electricity_kwh,134.74
2026-10-02 11:00:00,Block B (Library),electricity_kwh,147.97
2026-10-02 11:00:00,Block C (Engineering),electricity_kwh,139.23
2026-10-02 11:00:00,Hostel Zone,electricity_kwh,135.99
2026-10-02 12:00:00,Block A (Admin),electricity_kwh,114.75
2026-10-02 12:00:00,Block B (Library),electricity_kwh,136.97
2026-10-02 12:00:00,Block C (Engineering),electricity_kwh,104.56
2026-10-02 12:00:00,Hostel Zone,electricity_kwh,109.68
2026-10-02 13:00:00,Block A (Admin),electricity_kwh,135.88
2026-10-02 13:00:00,Block B (Library),electricity_kwh,122.02
2026-10-02 13:00:00,Block C (Engineering),electricity_kwh,132.34
2026-10-02 13:00:00,Hostel Zone,electricity_kwh,136.42
2026-10-02 14:00:00,Block A (Admin),electricity_kwh,131.32
2026-10-02 14:00:00,Block B (Library),electricity_kwh,119.76
2026-10-02 14:00:00,Block C (Engineering),electricity_kwh,131.1
2026-10-02 14:00:00,Hostel Zone,electricity_kwh,136.22
2026-10-02 15:00:00,Block A (Admin),electricity_kwh,48.68
2026-10-02 15:00:00,Block B (Library),electricity_kwh,47.11
2026-10-02 15:00:00,Block C (Engineering),electricity_kwh,43.47
2026-10-02 15:00:00,Hostel Zone,electricity_kwh,39.03
2026-10-02 16:00:00,Block A (Admin),electricity_kwh,52.51
2026-10-02 16:00:00,Block B (Library),electricity_kwh,63.09
2026-10-02 16:00:00,Block C (Engineering),electricity_kwh,49.16
2026-10-02 16:00:00,Hostel Zone,electricity_kwh,56.59
2026-10-02 17:00:00,Block A (Admin),electricity_kwh,42.1
2026-10-02 17:00:00,Block B (Library),electricity_kwh,50.72
2026-10-02 17:00:00,Block C (Engineering),electricity_kwh,48.3
2026-10-02 17:00:00,Hostel Zone,electricity_kwh,51.55
2026-10-02 18:00:00,Block A (Admin),electricity_kwh,52.01
2026-10-02 18:00:00,Block B (Library),electricity_kwh,54.89
2026-10-02 18:00:00,Block C (Engineering),electricity_kwh,55.2
2026-10-02 18:00:00,Hostel Zone,electricity_kwh,58.29
2026-10-02 19:00:00,Block A (Admin),electricity_kwh,45.68
2026-10-02 19:00:00,Block B (Library),electricity_kwh,44.08
2026-10-02 19:00:00,Block C (Engineering),electricity_kwh,44.91
2026-10-02 19:00:00,Hostel Zone,electricity_kwh,49.19
2026-10-02 20:00:00,Block A (Admin),electricity_kwh,59.73
2026-10-02 20:00:00,Block B (Library),electricity_kwh,55.47
2026-10-02 20:00:00,Block C (Engineering),electricity_kwh,52.71
2026-10-02 20:00:00,Hostel Zone,electricity_kwh,48.36
2026-10-02 21:00:00,Block A (Admin),electricity_kwh,53.65
2026-10-02 21:00:00,Block B (Library),electricity_kwh,47.12
2026-10-02 21:00:00,Block C (Engineering),electricity_kwh,51.81
2026-10-02 21:00:00,Hostel Zone,electricity_kwh,46.42
2026-10-02 22:00:00,Block A (Admin),electricity_kwh,45.23
2026-10-02 22:00:00,Block B (Library),electricity_kwh,40.21
2026-10-02 22:00:00,Block C (Engineering),electricity_kwh,55.03
2026-10-02 22:00:00,Hostel Zone,electricity_kwh,47.87
2026-10-02 23:00:00,Block A (Admin),electricity_kwh,46.7
2026-10-02 23:00:00,Block B (Library),electricity_kwh,44.94
2026-10-02 23:00:00,Block C (Engineering),electricity_kwh,52.03
2026-10-02 23:00:00,Hostel Zone,electricity_kwh,55.19
2026-10-03 00:00:00,Block A (Admin),electricity_kwh,53.59
2026-10-03 00:00:00,Block B (Library),electricity_kwh,50.95
2026-10-03 00:00:00,Block C (Engineering),electricity_kwh,47.12
2026-10-03 00:00:00,Hostel Zone,electricity_kwh,59.62
2026-10-03 01:00:00,Block A (Admin),electricity_kwh,43.13
2026-10-03 01:00:00,Block B (Library),electricity_kwh,45.38
2026-10-03 01:00:00,Block C (Engineering),electricity_kwh,47.52
2026-10-03 01:00:00,Hostel Zone,electricity_kwh,49.53
2026-10-03 02:00:00,Block A (Admin),electricity_kwh,51.53
2026-10-03 02:00:00,Block B (Library),electricity_kwh,51.42
2026-10-03 02:00:00,Block C (Engineering),electricity_kwh,47.0
2026-10-03 02:00:00,Hostel Zone,electricity_kwh,53.26
2026-10-03 03:00:00,Block A (Admin),electricity_kwh,51.01
2026-10-03 03:00:00,Block B (Library),electricity_kwh,49.85
2026-10-03 03:00:00,Block C (Engineering),electricity_kwh,63.77
2026-10-03 03:00:00,Hostel Zone,electricity_kwh,56.6
2026-10-03 04:00:00,Block A (Admin),electricity_kwh,129.31
2026-10-03 04:00:00,Block B (Library),electricity_kwh,117.68
2026-10-03 04:00:00,Block C (Engineering),electricity_kwh,91.85
2026-10-03 04:00:00,Hostel Zone,electricity_kwh,153.46
2026-10-03 05:00:00,Block A (Admin),electricity_kwh,125.87
2026-10-03 05:00:00,Block B (Library),electricity_kwh,106.68
2026-10-03 05:00:00,Block C (Engineering),electricity_kwh,129.46
2026-10-03 05:00:00,Hostel Zone,electricity_kwh,126.87
2026-10-03 06:00:00,Block A (Admin),electricity_kwh,122.56
2026-10-03 06:00:00,Block B (Library),electricity_kwh,134.25
2026-10-03 06:00:00,Block C (Engineering),electricity_kwh,134.57
2026-10-03 06:00:00,Hostel Zone,electricity_kwh,113.57
2026-10-03 07:00:00,Block A (Admin),electricity_kwh,117.88
2026-10-03 07:00:00,Block B (Library),electricity_kwh,133.41
2026-10-03 07:00:00,Block C (Engineering),electricity_kwh,98.38
2026-10-03 07:00:00,Hostel Zone,electricity_kwh,123.73
2026-10-03 08:00:00,Block A (Admin),electricity_kwh,130.06
2026-10-03 08:00:00,Block B (Library),electricity_kwh,130.36
2026-10-03 08:00:00,Block C (Engineering),electricity_kwh,106.5
2026-10-03 08:00:00,Hostel Zone,electricity_kwh,135.03
2026-10-03 09:00:00,Block A (Admin),electricity_kwh,133.97
2026-10-03 09:00:00,Block B (Library),electricity_kwh,122.67
2026-10-03 09:00:00,Block C (Engineering),electricity_kwh,115.6
2026-10-03 09:00:00,Hostel Zone,electricity_kwh,132.76
2026-10-03 10:00:00,Block A (Admin),electricity_kwh,135.82
2026-10-03 10:00:00,Block B (Library),electricity_kwh,148.21
2026-10-03 10:00:00,Block C (Engineering),electricity_kwh,127.34
2026-10-03 10:00:00,Hostel Zone,electricity_kwh,118.56
2026-10-03 11:00:00,Block A (Admin),electricity_kwh,131.14
2026-10-03 11:00:00,Block B (Library),electricity_kwh,114.95
2026-10-03 11:00:00,Block C (Engineering),electricity_kwh,135.61
2026-10-03 11:00:00,Hostel Zone,electricity_kwh,133.64
2026-10-03 12:00:00,Block A (Admin),electricity_kwh,122.82
2026-10-03 12:00:00,Block B (Library),electricity_kwh,112.32
2026-10-03 12:00:00,Block C (Engineering),electricity_kwh,122.92
2026-10-03 12:00:00,Hostel Zone,electricity_kwh,114.44
2026-10-03 13:00:00,Block A (Admin),electricity_kwh,130.43
2026-10-03 13:00:00,Block B (Library),electricity_kwh,87.22
2026-10-03 13:00:00,Block C (Engineering),electricity_kwh,109.82
2026-10-03 13:00:00,Hostel Zone,electricity_kwh,133.58
2026-10-03 14:00:00,Block A (Admin),electricity_kwh,132.76
2026-10-03 14:00:00,Block B (Library),electricity_kwh,133.16
2026-10-03 14:00:00,Block C (Engineering),electricity_kwh,105.36
2026-10-03 14:00:00,Hostel Zone,electricity_kwh,144.0
2026-10-03 15:00:00,Block A (Admin),electricity_kwh,41.61
2026-10-03 15:00:00,Block B (Library),electricity_kwh,43.25
2026-10-03 15:00:00,Block C (Engineering),electricity_kwh,44.24
2026-10-03 15:00:00,Hostel Zone,electricity_kwh,53.67
2026-10-03 16:00:00,Block A (Admin),electricity_kwh,48.07
2026-10-03 16:00:00,Block B (Library),electricity_kwh,57.97
2026-10-03 16:00:00,Block C (Engineering),electricity_kwh,51.02
2026-10-03 16:00:00,Hostel Zone,electricity_kwh,46.63
2026-10-03 17:00:00,Block A (Admin),electricity_kwh,51.36
2026-10-03 17:00:00,Block B (Library),electricity_kwh,53.49
2026-10-03 17:00:00,Block C (Engineering),electricity_kwh,37.41
2026-10-03 17:00:00,Hostel Zone,electricity_kwh,38.88
2026-10-03 18:00:00,Block A (Admin),electricity_kwh,46.46
2026-10-03 18:00:00,Block B (Library),electricity_kwh,42.43
2026-10-03 18:00:00,Block C (Engineering),electricity_kwh,56.41
2026-10-03 18:00:00,Hostel Zone,electricity_kwh,47.92
2026-10-03 19:00:00,Block A (Admin),electricity_kwh,49.35
2026-10-03 19:00:00,Block B (Library),electricity_kwh,50.99
2026-10-03 19:00:00,Block C (Engineering),electricity_kwh,48.85
2026-10-03 19:00:00,Hostel Zone,electricity_kwh,46.87
2026-10-03 20:00:00,Block A (Admin),electricity_kwh,55.4
2026-10-03 20:00:00,Block B (Library),electricity_kwh,37.63
2026-10-03 20:00:00,Block C (Engineering),electricity_kwh,46.9
2026-10-03 20:00:00,Hostel Zone,electricity_kwh,52.81
2026-10-03 21:00:00,Block A (Admin),electricity_kwh,49.35
2026-10-03 21:00:00,Block B (Library),electricity_kwh,55.51
2026-10-03 21:00:00,Block C (Engineering),electricity_kwh,59.76
2026-10-03 21:00:00,Hostel Zone,electricity_kwh,43.81
2026-10-03 22:00:00,Block A (Admin),electricity_kwh,44.84
2026-10-03 22:00:00,Block B (Library),electricity_kwh,44.42
2026-10-03 22:00:00,Block C (Engineering),electricity_kwh,45.9
2026-10-03 22:00:00,Hostel Zone,electricity_kwh,53.85
2026-10-03 23:00:00,Block A (Admin),electricity_kwh,44.47
2026-10-03 23:00:00,Block B (Library),electricity_kwh,45.09
2026-10-03 23:00:00,Block C (Engineering),electricity_kwh,49.31
2026-10-03 23:00:00,Hostel Zone,electricity_kwh,44.83
2026-10-04 00:00:00,Block A (Admin),electricity_kwh,46.39
2026-10-04 00:00:00,Block B (Library),electricity_kwh,54.27
2026-10-04 00:00:00,Block C (Engineering),electricity_kwh,49.42
2026-10-04 00:00:00,Hostel Zone,electricity_kwh,56.03
2026-10-04 01:00:00,Block A (Admin),electricity_kwh,51.67
2026-10-04 01:00:00,Block B (Library),electricity_kwh,52.93
2026-10-04 01:00:00,Block C (Engineering),electricity_kwh,47.43
2026-10-04 01:00:00,Hostel Zone,electricity_kwh,51.63
2026-10-04 02:00:00,Block A (Admin),electricity_kwh,49.32
2026-10-04 02:00:00,Block B (Library),electricity_kwh,60.13
2026-10-04 02:00:00,Block C (Engineering),electricity_kwh,52.65
2026-10-04 02:00:00,Hostel Zone,electricity_kwh,42.45
2026-10-04 03:00:00,Block A (Admin),electricity_kwh,49.06
2026-10-04 03:00:00,Block B (Library),electricity_kwh,44.95
2026-10-04 03:00:00,Block C (Engineering),electricity_kwh,50.26
2026-10-04 03:00:00,Hostel Zone,electricity_kwh,45.85
2026-10-04 04:00:00,Block A (Admin),electricity_kwh,106.38
2026-10-04 04:00:00,Block B (Library),electricity_kwh,121.56
2026-10-04 04:00:00,Block C (Engineering),electricity_kwh,117.41
2026-10-04 04:00:00,Hostel Zone,electricity_kwh,127.15
2026-10-04 05:00:00,Block A (Admin),electricity_kwh,130.25
2026-10-04 05:00:00,Block B (Library),electricity_kwh,126.75
2026-10-04 05:00:00,Block C (Engineering),electricity_kwh,122.59
2026-10-04 05:00:00,Hostel Zone,electricity_kwh,132.66
2026-10-04 06:00:00,Block A (Admin),electricity_kwh,124.33
2026-10-04 06:00:00,Block B (Library),electricity_kwh,119.06
2026-10-04 06:00:00,Block C (Engineering),electricity_kwh,137.89
2026-10-04 06:00:00,Hostel Zone,electricity_kwh,128.3
2026-10-04 07:00:00,Block A (Admin),electricity_kwh,117.7
2026-10-04 07:00:00,Block B (Library),electricity_kwh,109.51
2026-10-04 07:00:00,Block C (Engineering),electricity_kwh,142.43
2026-10-04 07:00:00,Hostel Zone,electricity_kwh,111.23
2026-10-04 08:00:00,Block A (Admin),electricity_kwh,117.84
2026-10-04 08:00:00,Block B (Library),electricity_kwh,149.64
2026-10-04 08:00:00,Block C (Engineering),electricity_kwh,124.7
2026-10-04 08:00:00,Hostel Zone,electricity_kwh,102.68
2026-10-04 09:00:00,Block A (Admin),electricity_kwh,143.4
2026-10-04 09:00:00,Block B (Library),electricity_kwh,125.41
2026-10-04 09:00:00,Block C (Engineering),electricity_kwh,120.83
2026-10-04 09:00:00,Hostel Zone,electricity_kwh,108.21
2026-10-04 10:00:00,Block A (Admin),electricity_kwh,130.87
2026-10-04 10:00:00,Block B (Library),electricity_kwh,133.14
2026-10-04 10:00:00,Block C (Engineering),electricity_kwh,146.55
2026-10-04 10:00:00,Hostel Zone,electricity_kwh,121.6
2026-10-04 11:00:00,Block A (Admin),electricity_kwh,143.85
2026-10-04 11:00:00,Block B (Library),electricity_kwh,126.18
2026-10-04 11:00:00,Block C (Engineering),electricity_kwh,117.47
2026-10-04 11:00:00,Hostel Zone,electricity_kwh,110.22
2026-10-04 12:00:00,Block A (Admin),electricity_kwh,126.1
2026-10-04 12:00:00,Block B (Library),electricity_kwh,128.89
2026-10-04 12:00:00,Block C (Engineering),electricity_kwh,134.83
2026-10-04 12:00:00,Hostel Zone,electricity_kwh,118.13
2026-10-04 13:00:00,Block A (Admin),electricity_kwh,124.83
2026-10-04 13:00:00,Block B (Library),electricity_kwh,89.82
2026-10-04 13:00:00,Block C (Engineering),electricity_kwh,127.48
2026-10-04 13:00:00,Hostel Zone,electricity_kwh,106.91
2026-10-04 14:00:00,Block A (Admin),electricity_kwh,119.49
2026-10-04 14:00:00,Block B (Library),electricity_kwh,141.27
2026-10-04 14:00:00,Block C (Engineering),electricity_kwh,127.16
2026-10-04 14:00:00,Hostel Zone,electricity_kwh,112.27
2026-10-04 15:00:00,Block A (Admin),electricity_kwh,51.02
2026-10-04 15:00:00,Block B (Library),electricity_kwh,49.11
2026-10-04 15:00:00,Block C (Engineering),electricity_kwh,49.46
2026-10-04 15:00:00,Hostel Zone,electricity_kwh,41.56
2026-10-04 16:00:00,Block A (Admin),electricity_kwh,54.96
2026-10-04 16:00:00,Block B (Library),electricity_kwh,49.17
2026-10-04 16:00:00,Block C (Engineering),electricity_kwh,48.62
2026-10-04 16:00:00,Hostel Zone,electricity_kwh,47.57
2026-10-04 17:00:00,Block A (Admin),electricity_kwh,57.65
2026-10-04 17:00:00,Block B (Library),electricity_kwh,52.93
2026-10-04 17:00:00,Block C (Engineering),electricity_kwh,53.06
2026-10-04 17:00:00,Hostel Zone,electricity_kwh,52.2
2026-10-04 18:00:00,Block A (Admin),electricity_kwh,50.53
2026-10-04 18:00:00,Block B (Library),electricity_kwh,49.45
2026-10-04 18:00:00,Block C (Engineering),electricity_kwh,51.98
2026-10-04 18:00:00,Hostel Zone,electricity_kwh,45.7
2026-10-04 19:00:00,Block A (Admin),electricity_kwh,55.71
2026-10-04 19:00:00,Block B (Library),electricity_kwh,36.79
2026-10-04 19:00:00,Block C (Engineering),electricity_kwh,58.91
2026-10-04 19:00:00,Hostel Zone,electricity_kwh,47.06
2026-10-04 20:00:00,Block A (Admin),electricity_kwh,44.03
2026-10-04 20:00:00,Block B (Library),electricity_kwh,45.37
2026-10-04 20:00:00,Block C (Engineering),electricity_kwh,50.84
2026-10-04 20:00:00,Hostel Zone,electricity_kwh,41.79
2026-10-04 21:00:00,Block A (Admin),electricity_kwh,47.0
2026-10-04 21:00:00,Block B (Library),electricity_kwh,54.23
2026-10-04 21:00:00,Block C (Engineering),electricity_kwh,54.05
2026-10-04 21:00:00,Hostel Zone,electricity_kwh,55.25
2026-10-04 22:00:00,Block A (Admin),electricity_kwh,52.66
2026-10-04 22:00:00,Block B (Library),electricity_kwh,45.42
2026-10-04 22:00:00,Block C (Engineering),electricity_kwh,59.44
2026-10-04 22:00:00,Hostel Zone,electricity_kwh,45.87
2026-10-04 23:00:00,Block A (Admin),electricity_kwh,47.89
2026-10-04 23:00:00,Block B (Library),electricity_kwh,53.24
2026-10-04 23:00:00,Block C (Engineering),electricity_kwh,49.94
2026-10-04 23:00:00,Hostel Zone,electricity_kwh,46.37
2026-10-05 00:00:00,Block A (Admin),electricity_kwh,49.19
2026-10-05 00:00:00,Block B (Library),electricity_kwh,47.71
2026-10-05 00:00:00,Block C (Engineering),electricity_kwh,41.67
2026-10-05 00:00:00,Hostel Zone,electricity_kwh,54.06
2026-10-05 01:00:00,Block A (Admin),electricity_kwh,49.03
2026-10-05 01:00:00,Block B (Library),electricity_kwh,48.75
2026-10-05 01:00:00,Block C (Engineering),electricity_kwh,48.74
2026-10-05 01:00:00,Hostel Zone,electricity_kwh,48.71
2026-10-05 02:00:00,Block A (Admin),electricity_kwh,48.18
2026-10-05 02:00:00,Block B (Library),electricity_kwh,58.74
2026-10-05 02:00:00,Block C (Engineering),electricity_kwh,47.45
2026-10-05 02:00:00,Hostel Zone,electricity_kwh,60.8
2026-10-05 03:00:00,Block A (Admin),electricity_kwh,46.53
2026-10-05 03:00:00,Block B (Library),electricity_kwh,43.65
2026-10-05 03:00:00,Block C (Engineering),electricity_kwh,48.32
2026-10-05 03:00:00,Hostel Zone,electricity_kwh,33.91
2026-10-05 04:00:00,Block A (Admin),electricity_kwh,139.59
2026-10-05 04:00:00,Block B (Library),electricity_kwh,112.36
2026-10-05 04:00:00,Block C (Engineering),electricity_kwh,139.91
2026-10-05 04:00:00,Hostel Zone,electricity_kwh,119.64
2026-10-05 05:00:00,Block A (Admin),electricity_kwh,137.81
2026-10-05 05:00:00,Block B (Library),electricity_kwh,128.91
2026-10-05 05:00:00,Block C (Engineering),electricity_kwh,127.51
2026-10-05 05:00:00,Hostel Zone,electricity_kwh,111.29
2026-10-05 06:00:00,Block A (Admin),electricity_kwh,132.95
2026-10-05 06:00:00,Block B (Library),electricity_kwh,132.9
2026-10-05 06:00:00,Block C (Engineering),electricity_kwh,119.11
2026-10-05 06:00:00,Hostel Zone,electricity_kwh,136.84
2026-10-05 07:00:00,Block A (Admin),electricity_kwh,137.96
2026-10-05 07:00:00,Block B (Library),electricity_kwh,112.62
2026-10-05 07:00:00,Block C (Engineering),electricity_kwh,98.74
2026-10-05 07:00:00,Hostel Zone,electricity_kwh,135.42
2026-10-05 08:00:00,Block A (Admin),electricity_kwh,110.43
2026-10-05 08:00:00,Block B (Library),electricity_kwh,119.77
2026-10-05 08:00:00,Block C (Engineering),electricity_kwh,120.55
2026-10-05 08:00:00,Hostel Zone,electricity_kwh,134.88
2026-10-05 09:00:00,Block A (Admin),electricity_kwh,121.64
2026-10-05 09:00:00,Block B (Library),electricity_kwh,133.58
2026-10-05 09:00:00,Block C (Engineering),electricity_kwh,123.45
2026-10-05 09:00:00,Hostel Zone,electricity_kwh,154.78
2026-10-05 10:00:00,Block A (Admin),electricity_kwh,103.11
2026-10-05 10:00:00,Block B (Library),electricity_kwh,110.26
2026-10-05 10:00:00,Block C (Engineering),electricity_kwh,117.58
2026-10-05 10:00:00,Hostel Zone,electricity_kwh,127.97
2026-10-05 11:00:00,Block A (Admin),electricity_kwh,120.83
2026-10-05 11:00:00,Block B (Library),electricity_kwh,131.46
2026-10-05 11:00:00,Block C (Engineering),electricity_kwh,116.01
2026-10-05 11:00:00,Hostel Zone,electricity_kwh,127.33
2026-10-05 12:00:00,Block A (Admin),electricity_kwh,106.94
2026-10-05 12:00:00,Block B (Library),electricity_kwh,131.06
2026-10-05 12:00:00,Block C (Engineering),electricity_kwh,133.94
2026-10-05 12:00:00,Hostel Zone,electricity_kwh,115.51
2026-10-05 13:00:00,Block A (Admin),electricity_kwh,114.07
2026-10-05 13:00:00,Block B (Library),electricity_kwh,110.66
2026-10-05 13:00:00,Block C (Engineering),electricity_kwh,137.07
2026-10-05 13:00:00,Hostel Zone,electricity_kwh,115.75
2026-10-05 14:00:00,Block A (Admin),electricity_kwh,120.13
2026-10-05 14:00:00,Block B (Library),electricity_kwh,115.69
2026-10-05 14:00:00,Block C (Engineering),electricity_kwh,146.0
2026-10-05 14:00:00,Hostel Zone,electricity_kwh,122.53
2026-10-05 15:00:00,Block A (Admin),electricity_kwh,61.55
2026-10-05 15:00:00,Block B (Library),electricity_kwh,49.1
2026-10-05 15:00:00,Block C (Engineering),electricity_kwh,47.69
2026-10-05 15:00:00,Hostel Zone,electricity_kwh,50.41
2026-10-05 16:00:00,Block A (Admin),electricity_kwh,50.74
2026-10-05 16:00:00,Block B (Library),electricity_kwh,49.63
2026-10-05 16:00:00,Block C (Engineering),electricity_kwh,48.81
2026-10-05 16:00:00,Hostel Zone,electricity_kwh,49.05
2026-10-05 17:00:00,Block A (Admin),electricity_kwh,49.99
2026-10-05 17:00:00,Block B (Library),electricity_kwh,43.49
2026-10-05 17:00:00,Block C (Engineering),electricity_kwh,46.96
2026-10-05 17:00:00,Hostel Zone,electricity_kwh,48.2
2026-10-05 18:00:00,Block A (Admin),electricity_kwh,50.88
2026-10-05 18:00:00,Block B (Library),electricity_kwh,48.55
2026-10-05 18:00:00,Block C (Engineering),electricity_kwh,47.46
2026-10-05 18:00:00,Hostel Zone,electricity_kwh,56.42
2026-10-05 19:00:00,Block A (Admin),electricity_kwh,40.45
2026-10-05 19:00:00,Block B (Library),electricity_kwh,49.07
2026-10-05 19:00:00,Block C (Engineering),electricity_kwh,50.47
2026-10-05 19:00:00,Hostel Zone,electricity_kwh,49.55
2026-10-05 20:00:00,Block A (Admin),electricity_kwh,56.21
2026-10-05 20:00:00,Block B (Library),electricity_kwh,50.15
2026-10-05 20:00:00,Block C (Engineering),electricity_kwh,51.66
2026-10-05 20:00:00,Hostel Zone,electricity_kwh,46.98
2026-10-05 21:00:00,Block A (Admin),electricity_kwh,46.29
2026-10-05 21:00:00,Block B (Library),electricity_kwh,54.75
2026-10-05 21:00:00,Block C (Engineering),electricity_kwh,59.51
2026-10-05 21:00:00,Hostel Zone,electricity_kwh,53.86
2026-10-05 22:00:00,Block A (Admin),electricity_kwh,43.12
2026-10-05 22:00:00,Block B (Library),electricity_kwh,39.46
2026-10-05 22:00:00,Block C (Engineering),electricity_kwh,40.92
2026-10-05 22:00:00,Hostel Zone,electricity_kwh,42.73
2026-10-05 23:00:00,Block A (Admin),electricity_kwh,52.18
2026-10-05 23:00:00,Block B (Library),electricity_kwh,53.01
2026-10-05 23:00:00,Block C (Engineering),electricity_kwh,55.64
2026-10-05 23:00:00,Hostel Zone,electricity_kwh,52.93
2026-10-06 00:00:00,Block A (Admin),electricity_kwh,51.03
2026-10-06 00:00:00,Block B (Library),electricity_kwh,49.53
2026-10-06 00:00:00,Block C (Engineering),electricity_kwh,44.94
2026-10-06 00:00:00,Hostel Zone,electricity_kwh,43.97
2026-10-06 01:00:00,Block A (Admin),electricity_kwh,56.4
2026-10-06 01:00:00,Block B (Library),electricity_kwh,44.42
2026-10-06 01:00:00,Block C (Engineering),electricity_kwh,45.98
2026-10-06 01:00:00,Hostel Zone,electricity_kwh,45.93
2026-10-06 02:00:00,Block A (Admin),electricity_kwh,48.41
2026-10-06 02:00:00,Block B (Library),electricity_kwh,45.64
2026-10-06 02:00:00,Block C (Engineering),electricity_kwh,48.12
2026-10-06 02:00:00,Hostel Zone,electricity_kwh,45.17
2026-10-06 03:00:00,Block A (Admin),electricity_kwh,55.84
2026-10-06 03:00:00,Block B (Library),electricity_kwh,56.77
2026-10-06 03:00:00,Block C (Engineering),electricity_kwh,52.55
2026-10-06 03:00:00,Hostel Zone,electricity_kwh,46.28
2026-10-06 04:00:00,Block A (Admin),electricity_kwh,106.94
2026-10-06 04:00:00,Block B (Library),electricity_kwh,128.11
2026-10-06 04:00:00,Block C (Engineering),electricity_kwh,132.29
2026-10-06 04:00:00,Hostel Zone,electricity_kwh,125.02
2026-10-06 05:00:00,Block A (Admin),electricity_kwh,113.74
2026-10-06 05:00:00,Block B (Library),electricity_kwh,141.76
2026-10-06 05:00:00,Block C (Engineering),electricity_kwh,116.22
2026-10-06 05:00:00,Hostel Zone,electricity_kwh,123.34
2026-10-06 06:00:00,Block A (Admin),electricity_kwh,128.08
2026-10-06 06:00:00,Block B (Library),electricity_kwh,132.7
2026-10-06 06:00:00,Block C (Engineering),electricity_kwh,132.76
2026-10-06 06:00:00,Hostel Zone,electricity_kwh,142.11
2026-10-06 07:00:00,Block A (Admin),electricity_kwh,123.5
2026-10-06 07:00:00,Block B (Library),electricity_kwh,147.57
2026-10-06 07:00:00,Block C (Engineering),electricity_kwh,125.6
2026-10-06 07:00:00,Hostel Zone,electricity_kwh,111.58
2026-10-06 08:00:00,Block A (Admin),electricity_kwh,131.7
2026-10-06 08:00:00,Block B (Library),electricity_kwh,124.04
2026-10-06 08:00:00,Block C (Engineering),electricity_kwh,132.69
2026-10-06 08:00:00,Hostel Zone,electricity_kwh,127.74
2026-10-06 09:00:00,Block A (Admin),electricity_kwh,132.56
2026-10-06 09:00:00,Block B (Library),electricity_kwh,127.46
2026-10-06 09:00:00,Block C (Engineering),electricity_kwh,132.51
2026-10-06 09:00:00,Hostel Zone,electricity_kwh,119.43
2026-10-06 10:00:00,Block A (Admin),electricity_kwh,114.42
2026-10-06 10:00:00,Block B (Library),electricity_kwh,126.6
2026-10-06 10:00:00,Block C (Engineering),electricity_kwh,127.67
2026-10-06 10:00:00,Hostel Zone,electricity_kwh,98.22
2026-10-06 11:00:00,Block A (Admin),electricity_kwh,125.04
2026-10-06 11:00:00,Block B (Library),electricity_kwh,106.08
2026-10-06 11:00:00,Block C (Engineering),electricity_kwh,122.52
2026-10-06 11:00:00,Hostel Zone,electricity_kwh,114.3
2026-10-06 12:00:00,Block A (Admin),electricity_kwh,125.84
2026-10-06 12:00:00,Block B (Library),electricity_kwh,140.19
2026-10-06 12:00:00,Block C (Engineering),electricity_kwh,127.46
2026-10-06 12:00:00,Hostel Zone,electricity_kwh,120.14
2026-10-06 13:00:00,Block A (Admin),electricity_kwh,134.78
2026-10-06 13:00:00,Block B (Library),electricity_kwh,94.78
2026-10-06 13:00:00,Block C (Engineering),electricity_kwh,141.59
2026-10-06 13:00:00,Hostel Zone,electricity_kwh,121.03
2026-10-06 14:00:00,Block A (Admin),electricity_kwh,129.06
2026-10-06 14:00:00,Block B (Library),electricity_kwh,124.62
2026-10-06 14:00:00,Block C (Engineering),electricity_kwh,122.45
2026-10-06 14:00:00,Hostel Zone,electricity_kwh,136.56
2026-10-06 15:00:00,Block A (Admin),electricity_kwh,45.67
2026-10-06 15:00:00,Block B (Library),electricity_kwh,44.35
2026-10-06 15:00:00,Block C (Engineering),electricity_kwh,50.3
2026-10-06 15:00:00,Hostel Zone,electricity_kwh,43.46
2026-10-06 16:00:00,Block A (Admin),electricity_kwh,44.07
2026-10-06 16:00:00,Block B (Library),electricity_kwh,46.2
2026-10-06 16:00:00,Block C (Engineering),electricity_kwh,57.31
2026-10-06 16:00:00,Hostel Zone,electricity_kwh,52.85
2026-10-06 17:00:00,Block A (Admin),electricity_kwh,39.97
2026-10-06 17:00:00,Block B (Library),electricity_kwh,50.24
2026-10-06 17:00:00,Block C (Engineering),electricity_kwh,47.42
2026-10-06 17:00:00,Hostel Zone,electricity_kwh,53.69
2026-10-06 18:00:00,Block A (Admin),electricity_kwh,45.35
2026-10-06 18:00:00,Block B (Library),electricity_kwh,53.81
2026-10-06 18:00:00,Block C (Engineering),electricity_kwh,51.25
2026-10-06 18:00:00,Hostel Zone,electricity_kwh,50.78
2026-10-06 19:00:00,Block A (Admin),electricity_kwh,45.87
2026-10-06 19:00:00,Block B (Library),electricity_kwh,47.28
2026-10-06 19:00:00,Block C (Engineering),electricity_kwh,53.27
2026-10-06 19:00:00,Hostel Zone,electricity_kwh,50.34
2026-10-06 20:00:00,Block A (Admin),electricity_kwh,52.71
2026-10-06 20:00:00,Block B (Library),electricity_kwh,51.31
2026-10-06 20:00:00,Block C (Engineering),electricity_kwh,53.68
2026-10-06 20:00:00,Hostel Zone,electricity_kwh,52.32
2026-10-06 21:00:00,Block A (Admin),electricity_kwh,51.16
2026-10-06 21:00:00,Block B (Library),electricity_kwh,54.73
2026-10-06 21:00:00,Block C (Engineering),electricity_kwh,50.9
2026-10-06 21:00:00,Hostel Zone,electricity_kwh,55.89
2026-10-06 22:00:00,Block A (Admin),electricity_kwh,44.09
2026-10-06 22:00:00,Block B (Library),electricity_kwh,54.09
2026-10-06 22:00:00,Block C (Engineering),electricity_kwh,48.67
2026-10-06 22:00:00,Hostel Zone,electricity_kwh,44.53
2026-10-06 23:00:00,Block A (Admin),electricity_kwh,51.88
2026-10-06 23:00:00,Block B (Library),electricity_kwh,52.11
2026-10-06 23:00:00,Block C (Engineering),electricity_kwh,60.08
2026-10-06 23:00:00,Hostel Zone,electricity_kwh,45.9
2026-10-07 00:00:00,Block A (Admin),electricity_kwh,60.41
2026-10-07 00:00:00,Block B (Library),electricity_kwh,51.11
2026-10-07 00:00:00,Block C (Engineering),electricity_kwh,50.99
2026-10-07 00:00:00,Hostel Zone,electricity_kwh,47.98
2026-10-07 01:00:00,Block A (Admin),electricity_kwh,54.43
2026-10-07 01:00:00,Block B (Library),electricity_kwh,51.39
2026-10-07 01:00:00,Block C (Engineering),electricity_kwh,47.45
2026-10-07 01:00:00,Hostel Zone,electricity_kwh,47.72
2026-10-07 02:00:00,Block A (Admin),electricity_kwh,52.89
2026-10-07 02:00:00,Block B (Library),electricity_kwh,54.76
2026-10-07 02:00:00,Block C (Engineering),electricity_kwh,51.17
2026-10-07 02:00:00,Hostel Zone,electricity_kwh,55.91
2026-10-07 03:00:00,Block A (Admin),electricity_kwh,48.73
2026-10-07 03:00:00,Block B (Library),electricity_kwh,52.76
2026-10-07 03:00:00,Block C (Engineering),electricity_kwh,54.3
2026-10-07 03:00:00,Hostel Zone,electricity_kwh,43.37
2026-10-07 04:00:00,Block A (Admin),electricity_kwh,134.03
2026-10-07 04:00:00,Block B (Library),electricity_kwh,133.29
2026-10-07 04:00:00,Block C (Engineering),electricity_kwh,120.32
2026-10-07 04:00:00,Hostel Zone,electricity_kwh,112.08
2026-10-07 05:00:00,Block A (Admin),electricity_kwh,102.32
2026-10-07 05:00:00,Block B (Library),electricity_kwh,124.01
2026-10-07 05:00:00,Block C (Engineering),electricity_kwh,107.93
2026-10-07 05:00:00,Hostel Zone,electricity_kwh,130.85
2026-10-07 06:00:00,Block A (Admin),electricity_kwh,117.01
2026-10-07 06:00:00,Block B (Library),electricity_kwh,132.3
2026-10-07 06:00:00,Block C (Engineering),electricity_kwh,123.48
2026-10-07 06:00:00,Hostel Zone,electricity_kwh,125.94
2026-10-07 07:00:00,Block A (Admin),electricity_kwh,138.83
2026-10-07 07:00:00,Block B (Library),electricity_kwh,126.63
2026-10-07 07:00:00,Block C (Engineering),electricity_kwh,141.66
2026-10-07 07:00:00,Hostel Zone,electricity_kwh,141.22
2026-10-07 08:00:00,Block A (Admin),electricity_kwh,128.97
2026-10-07 08:00:00,Block B (Library),electricity_kwh,117.02
2026-10-07 08:00:00,Block C (Engineering),electricity_kwh,141.18
2026-10-07 08:00:00,Hostel Zone,electricity_kwh,121.55
2026-10-07 09:00:00,Block A (Admin),electricity_kwh,142.61
2026-10-07 09:00:00,Block B (Library),electricity_kwh,130.54
2026-10-07 09:00:00,Block C (Engineering),electricity_kwh,141.07
2026-10-07 09:00:00,Hostel Zone,electricity_kwh,123.73
2026-10-07 10:00:00,Block A (Admin),electricity_kwh,135.55
2026-10-07 10:00:00,Block B (Library),electricity_kwh,129.17
2026-10-07 10:00:00,Block C (Engineering),electricity_kwh,122.97
2026-10-07 10:00:00,Hostel Zone,electricity_kwh,146.39
2026-10-07 11:00:00,Block A (Admin),electricity_kwh,129.34
2026-10-07 11:00:00,Block B (Library),electricity_kwh,116.77
2026-10-07 11:00:00,Block C (Engineering),electricity_kwh,110.39
2026-10-07 11:00:00,Hostel Zone,electricity_kwh,122.78
2026-10-07 12:00:00,Block A (Admin),electricity_kwh,111.98
2026-10-07 12:00:00,Block B (Library),electricity_kwh,113.26
2026-10-07 12:00:00,Block C (Engineering),electricity_kwh,109.48
2026-10-07 12:00:00,Hostel Zone,electricity_kwh,137.54
2026-10-07 13:00:00,Block A (Admin),electricity_kwh,124.52
2026-10-07 13:00:00,Block B (Library),electricity_kwh,106.58
2026-10-07 13:00:00,Block C (Engineering),electricity_kwh,114.92
2026-10-07 13:00:00,Hostel Zone,electricity_kwh,123.03
2026-10-07 14:00:00,Block A (Admin),electricity_kwh,128.79
2026-10-07 14:00:00,Block B (Library),electricity_kwh,134.18
2026-10-07 14:00:00,Block C (Engineering),electricity_kwh,477.3
2026-10-07 14:00:00,Hostel Zone,electricity_kwh,107.54
2026-10-07 15:00:00,Block A (Admin),electricity_kwh,46.03
2026-10-07 15:00:00,Block B (Library),electricity_kwh,54.66
2026-10-07 15:00:00,Block C (Engineering),electricity_kwh,156.17
2026-10-07 15:00:00,Hostel Zone,electricity_kwh,45.12
2026-10-07 16:00:00,Block A (Admin),electricity_kwh,42.9
2026-10-07 16:00:00,Block B (Library),electricity_kwh,49.04
2026-10-07 16:00:00,Block C (Engineering),electricity_kwh,175.56
2026-10-07 16:00:00,Hostel Zone,electricity_kwh,46.12
2026-10-07 17:00:00,Block A (Admin),electricity_kwh,48.55
2026-10-07 17:00:00,Block B (Library),electricity_kwh,50.49
2026-10-07 17:00:00,Block C (Engineering),electricity_kwh,160.27
2026-10-07 17:00:00,Hostel Zone,electricity_kwh,55.19
2026-10-07 18:00:00,Block A (Admin),electricity_kwh,50.59
2026-10-07 18:00:00,Block B (Library),electricity_kwh,51.86
2026-10-07 18:00:00,Block C (Engineering),electricity_kwh,214.3
2026-10-07 18:00:00,Hostel Zone,electricity_kwh,57.39
2026-10-07 19:00:00,Block A (Admin),electricity_kwh,55.83
2026-10-07 19:00:00,Block B (Library),electricity_kwh,41.97
2026-10-07 19:00:00,Block C (Engineering),electricity_kwh,55.49
2026-10-07 19:00:00,Hostel Zone,electricity_kwh,50.9
2026-10-07 20:00:00,Block A (Admin),electricity_kwh,53.81
2026-10-07 20:00:00,Block B (Library),electricity_kwh,43.05
2026-10-07 20:00:00,Block C (Engineering),electricity_kwh,46.99
2026-10-07 20:00:00,Hostel Zone,electricity_kwh,43.91
2026-10-07 21:00:00,Block A (Admin),electricity_kwh,44.98
2026-10-07 21:00:00,Block B (Library),electricity_kwh,52.89
2026-10-07 21:00:00,Block C (Engineering),electricity_kwh,52.5
2026-10-07 21:00:00,Hostel Zone,electricity_kwh,55.09
2026-10-07 22:00:00,Block A (Admin),electricity_kwh,51.93
2026-10-07 22:00:00,Block B (Library),electricity_kwh,40.2
2026-10-07 22:00:00,Block C (Engineering),electricity_kwh,45.08
2026-10-07 22:00:00,Hostel Zone,electricity_kwh,52.03
2026-10-07 23:00:00,Block A (Admin),electricity_kwh,44.83
2026-10-07 23:00:00,Block B (Library),electricity_kwh,55.51
2026-10-07 23:00:00,Block C (Engineering),electricity_kwh,56.24
2026-10-07 23:00:00,Hostel Zone,electricity_kwh,52.04
2026-10-08 00:00:00,Block A (Admin),electricity_kwh,48.46
2026-10-08 00:00:00,Block B (Library),electricity_kwh,52.32
2026-10-08 00:00:00,Block C (Engineering),electricity_kwh,52.87
2026-10-08 00:00:00,Hostel Zone,electricity_kwh,56.81
2026-10-08 01:00:00,Block A (Admin),electricity_kwh,35.88
2026-10-08 01:00:00,Block B (Library),electricity_kwh,57.94
2026-10-08 01:00:00,Block C (Engineering),electricity_kwh,53.67
2026-10-08 01:00:00,Hostel Zone,electricity_kwh,49.5
2026-10-08 02:00:00,Block A (Admin),electricity_kwh,44.61
2026-10-08 02:00:00,Block B (Library),electricity_kwh,50.03
2026-10-08 02:00:00,Block C (Engineering),electricity_kwh,45.29
2026-10-08 02:00:00,Hostel Zone,electricity_kwh,41.79
2026-10-08 03:00:00,Block A (Admin),electricity_kwh,45.4
2026-10-08 03:00:00,Block B (Library),electricity_kwh,55.49
2026-10-08 03:00:00,Block C (Engineering),electricity_kwh,51.99
2026-10-08 03:00:00,Hostel Zone,electricity_kwh,47.53
2026-10-08 04:00:00,Block A (Admin),electricity_kwh,136.77
2026-10-08 04:00:00,Block B (Library),electricity_kwh,135.4
2026-10-08 04:00:00,Block C (Engineering),electricity_kwh,107.5
2026-10-08 04:00:00,Hostel Zone,electricity_kwh,121.28
2026-10-08 05:00:00,Block A (Admin),electricity_kwh,100.11
2026-10-08 05:00:00,Block B (Library),electricity_kwh,130.83
2026-10-08 05:00:00,Block C (Engineering),electricity_kwh,118.78
2026-10-08 05:00:00,Hostel Zone,electricity_kwh,130.74
2026-10-08 06:00:00,Block A (Admin),electricity_kwh,119.81
2026-10-08 06:00:00,Block B (Library),electricity_kwh,120.76
2026-10-08 06:00:00,Block C (Engineering),electricity_kwh,128.88
2026-10-08 06:00:00,Hostel Zone,electricity_kwh,140.63
2026-10-08 07:00:00,Block A (Admin),electricity_kwh,120.96
2026-10-08 07:00:00,Block B (Library),electricity_kwh,110.87
2026-10-08 07:00:00,Block C (Engineering),electricity_kwh,101.16
2026-10-08 07:00:00,Hostel Zone,electricity_kwh,113.94
2026-10-08 08:00:00,Block A (Admin),electricity_kwh,142.86
2026-10-08 08:00:00,Block B (Library),electricity_kwh,101.24
2026-10-08 08:00:00,Block C (Engineering),electricity_kwh,104.75
2026-10-08 08:00:00,Hostel Zone,electricity_kwh,111.43
2026-10-08 09:00:00,Block A (Admin),electricity_kwh,110.68
2026-10-08 09:00:00,Block B (Library),electricity_kwh,105.92
2026-10-08 09:00:00,Block C (Engineering),electricity_kwh,140.28
2026-10-08 09:00:00,Hostel Zone,electricity_kwh,115.05
2026-10-08 10:00:00,Block A (Admin),electricity_kwh,150.79
2026-10-08 10:00:00,Block B (Library),electricity_kwh,133.11
2026-10-08 10:00:00,Block C (Engineering),electricity_kwh,127.5
2026-10-08 10:00:00,Hostel Zone,electricity_kwh,135.9
2026-10-08 11:00:00,Block A (Admin),electricity_kwh,126.6
2026-10-08 11:00:00,Block B (Library),electricity_kwh,110.76
2026-10-08 11:00:00,Block C (Engineering),electricity_kwh,124.87
2026-10-08 11:00:00,Hostel Zone,electricity_kwh,146.04
2026-10-08 12:00:00,Block A (Admin),electricity_kwh,132.51
2026-10-08 12:00:00,Block B (Library),electricity_kwh,122.52
2026-10-08 12:00:00,Block C (Engineering),electricity_kwh,117.81
2026-10-08 12:00:00,Hostel Zone,electricity_kwh,132.5
2026-10-08 13:00:00,Block A (Admin),electricity_kwh,141.45
2026-10-08 13:00:00,Block B (Library),electricity_kwh,102.24
2026-10-08 13:00:00,Block C (Engineering),electricity_kwh,130.22
2026-10-08 13:00:00,Hostel Zone,electricity_kwh,133.15
2026-10-08 14:00:00,Block A (Admin),electricity_kwh,139.04
2026-10-08 14:00:00,Block B (Library),electricity_kwh,142.13
2026-10-08 14:00:00,Block C (Engineering),electricity_kwh,526.27
2026-10-08 14:00:00,Hostel Zone,electricity_kwh,110.1
2026-10-08 15:00:00,Block A (Admin),electricity_kwh,48.95
2026-10-08 15:00:00,Block B (Library),electricity_kwh,45.68
2026-10-08 15:00:00,Block C (Engineering),electricity_kwh,206.59
2026-10-08 15:00:00,Hostel Zone,electricity_kwh,44.4
2026-10-08 16:00:00,Block A (Admin),electricity_kwh,50.75
2026-10-08 16:00:00,Block B (Library),electricity_kwh,45.1
2026-10-08 16:00:00,Block C (Engineering),electricity_kwh,204.12
2026-10-08 16:00:00,Hostel Zone,electricity_kwh,35.43
2026-10-08 17:00:00,Block A (Admin),electricity_kwh,43.42
2026-10-08 17:00:00,Block B (Library),electricity_kwh,53.72
2026-10-08 17:00:00,Block C (Engineering),electricity_kwh,192.27
2026-10-08 17:00:00,Hostel Zone,electricity_kwh,49.4
2026-10-08 18:00:00,Block A (Admin),electricity_kwh,52.66
2026-10-08 18:00:00,Block B (Library),electricity_kwh,50.39
2026-10-08 18:00:00,Block C (Engineering),electricity_kwh,183.97
2026-10-08 18:00:00,Hostel Zone,electricity_kwh,47.09
2026-10-08 19:00:00,Block A (Admin),electricity_kwh,53.03
2026-10-08 19:00:00,Block B (Library),electricity_kwh,46.82
2026-10-08 19:00:00,Block C (Engineering),electricity_kwh,45.69
2026-10-08 19:00:00,Hostel Zone,electricity_kwh,40.8
2026-10-08 20:00:00,Block A (Admin),electricity_kwh,55.17
2026-10-08 20:00:00,Block B (Library),electricity_kwh,45.42
2026-10-08 20:00:00,Block C (Engineering),electricity_kwh,50.67
2026-10-08 20:00:00,Hostel Zone,electricity_kwh,52.78
2026-10-08 21:00:00,Block A (Admin),electricity_kwh,51.1
2026-10-08 21:00:00,Block B (Library),electricity_kwh,50.13
2026-10-08 21:00:00,Block C (Engineering),electricity_kwh,45.44
2026-10-08 21:00:00,Hostel Zone,electricity_kwh,49.19
2026-10-08 22:00:00,Block A (Admin),electricity_kwh,53.18
2026-10-08 22:00:00,Block B (Library),electricity_kwh,51.33
2026-10-08 22:00:00,Block C (Engineering),electricity_kwh,53.04
2026-10-08 22:00:00,Hostel Zone,electricity_kwh,47.22
2026-10-08 23:00:00,Block A (Admin),electricity_kwh,50.6
2026-10-08 23:00:00,Block B (Library),electricity_kwh,56.07
2026-10-08 23:00:00,Block C (Engineering),electricity_kwh,50.32
2026-10-08 23:00:00,Hostel Zone,electricity_kwh,53.5
2026-10-09 00:00:00,Block A (Admin),electricity_kwh,41.2
2026-10-09 00:00:00,Block B (Library),electricity_kwh,46.21
2026-10-09 00:00:00,Block C (Engineering),electricity_kwh,56.6
2026-10-09 00:00:00,Hostel Zone,electricity_kwh,50.12
2026-10-09 01:00:00,Block A (Admin),electricity_kwh,45.18
2026-10-09 01:00:00,Block B (Library),electricity_kwh,50.27
2026-10-09 01:00:00,Block C (Engineering),electricity_kwh,55.83
2026-10-09 01:00:00,Hostel Zone,electricity_kwh,49.59
2026-10-09 02:00:00,Block A (Admin),electricity_kwh,45.86
2026-10-09 02:00:00,Block B (Library),electricity_kwh,49.2
2026-10-09 02:00:00,Block C (Engineering),electricity_kwh,47.57
2026-10-09 02:00:00,Hostel Zone,electricity_kwh,48.3
2026-10-09 03:00:00,Block A (Admin),electricity_kwh,52.21
2026-10-09 03:00:00,Block B (Library),electricity_kwh,53.12
2026-10-09 03:00:00,Block C (Engineering),electricity_kwh,46.52
2026-10-09 03:00:00,Hostel Zone,electricity_kwh,43.57
2026-10-09 04:00:00,Block A (Admin),electricity_kwh,132.09
2026-10-09 04:00:00,Block B (Library),electricity_kwh,123.85
2026-10-09 04:00:00,Block C (Engineering),electricity_kwh,133.36
2026-10-09 04:00:00,Hostel Zone,electricity_kwh,126.22
2026-10-09 05:00:00,Block A (Admin),electricity_kwh,116.24
2026-10-09 05:00:00,Block B (Library),electricity_kwh,109.19
2026-10-09 05:00:00,Block C (Engineering),electricity_kwh,117.72
2026-10-09 05:00:00,Hostel Zone,electricity_kwh,119.39
2026-10-09 06:00:00,Block A (Admin),electricity_kwh,126.49
2026-10-09 06:00:00,Block B (Library),electricity_kwh,108.76
2026-10-09 06:00:00,Block C (Engineering),electricity_kwh,116.81
2026-10-09 06:00:00,Hostel Zone,electricity_kwh,123.85
2026-10-09 07:00:00,Block A (Admin),electricity_kwh,130.17
2026-10-09 07:00:00,Block B (Library),electricity_kwh,122.08
2026-10-09 07:00:00,Block C (Engineering),electricity_kwh,94.89
2026-10-09 07:00:00,Hostel Zone,electricity_kwh,111.32
2026-10-09 08:00:00,Block A (Admin),electricity_kwh,132.29
2026-10-09 08:00:00,Block B (Library),electricity_kwh,115.45
2026-10-09 08:00:00,Block C (Engineering),electricity_kwh,125.72
2026-10-09 08:00:00,Hostel Zone,electricity_kwh,125.37
2026-10-09 09:00:00,Block A (Admin),electricity_kwh,115.99
2026-10-09 09:00:00,Block B (Library),electricity_kwh,129.98
2026-10-09 09:00:00,Block C (Engineering),electricity_kwh,127.85
2026-10-09 09:00:00,Hostel Zone,electricity_kwh,95.88
2026-10-09 10:00:00,Block A (Admin),electricity_kwh,116.6
2026-10-09 10:00:00,Block B (Library),electricity_kwh,96.08
2026-10-09 10:00:00,Block C (Engineering),electricity_kwh,134.54
2026-10-09 10:00:00,Hostel Zone,electricity_kwh,113.25
2026-10-09 11:00:00,Block A (Admin),electricity_kwh,142.3
2026-10-09 11:00:00,Block B (Library),electricity_kwh,112.06
2026-10-09 11:00:00,Block C (Engineering),electricity_kwh,121.1
2026-10-09 11:00:00,Hostel Zone,electricity_kwh,118.64
2026-10-09 12:00:00,Block A (Admin),electricity_kwh,131.54
2026-10-09 12:00:00,Block B (Library),electricity_kwh,127.09
2026-10-09 12:00:00,Block C (Engineering),electricity_kwh,129.98
2026-10-09 12:00:00,Hostel Zone,electricity_kwh,106.88
2026-10-09 13:00:00,Block A (Admin),electricity_kwh,128.72
2026-10-09 13:00:00,Block B (Library),electricity_kwh,122.01
2026-10-09 13:00:00,Block C (Engineering),electricity_kwh,108.74
2026-10-09 13:00:00,Hostel Zone,electricity_kwh,134.77
2026-10-09 14:00:00,Block A (Admin),electricity_kwh,139.72
2026-10-09 14:00:00,Block B (Library),electricity_kwh,109.2
2026-10-09 14:00:00,Block C (Engineering),electricity_kwh,413.85
2026-10-09 14:00:00,Hostel Zone,electricity_kwh,136.91
2026-10-09 15:00:00,Block A (Admin),electricity_kwh,46.2
2026-10-09 15:00:00,Block B (Library),electricity_kwh,52.11
2026-10-09 15:00:00,Block C (Engineering),electricity_kwh,167.62
2026-10-09 15:00:00,Hostel Zone,electricity_kwh,40.58
2026-10-09 16:00:00,Block A (Admin),electricity_kwh,43.44
2026-10-09 16:00:00,Block B (Library),electricity_kwh,48.79
2026-10-09 16:00:00,Block C (Engineering),electricity_kwh,159.41
2026-10-09 16:00:00,Hostel Zone,electricity_kwh,49.39
2026-10-09 17:00:00,Block A (Admin),electricity_kwh,58.63
2026-10-09 17:00:00,Block B (Library),electricity_kwh,43.23
2026-10-09 17:00:00,Block C (Engineering),electricity_kwh,184.94
2026-10-09 17:00:00,Hostel Zone,electricity_kwh,55.71
2026-10-09 18:00:00,Block A (Admin),electricity_kwh,53.69
2026-10-09 18:00:00,Block B (Library),electricity_kwh,45.4
2026-10-09 18:00:00,Block C (Engineering),electricity_kwh,192.46
2026-10-09 18:00:00,Hostel Zone,electricity_kwh,52.31
2026-10-09 19:00:00,Block A (Admin),electricity_kwh,49.19
2026-10-09 19:00:00,Block B (Library),electricity_kwh,53.02
2026-10-09 19:00:00,Block C (Engineering),electricity_kwh,49.39
2026-10-09 19:00:00,Hostel Zone,electricity_kwh,54.55
